latitude,longitude,employee_count,pickup_point,bus_number
39.91721136666667,32.803599633333334,3.0,0.0,31
39.91721136666667,32.803599633333334,3.0,0.0,31
39.91721136666667,32.803599633333334,3.0,0.0,31
39.8876867,32.794034999999994,2.0,1.0,31
39.8876867,32.794034999999994,2.0,1.0,31
39.992679575,32.565393,8.0,2.0,31
39.992679575,32.565393,8.0,2.0,31
39.992679575,32.565393,8.0,2.0,31
39.992679575,32.565393,8.0,2.0,31
39.992679575,32.565393,8.0,2.0,31
39.992679575,32.565393,8.0,2.0,31
39.992679575,32.565393,8.0,2.0,31
39.992679575,32.565393,8.0,2.0,31
39.966204000000005,32.6572759,4.0,3.0,31
39.966204000000005,32.6572759,4.0,3.0,31
39.966204000000005,32.6572759,4.0,3.0,31
39.966204000000005,32.6572759,4.0,3.0,31
40.00745261666667,32.84667843333333,6.0,4.0,31
40.00745261666667,32.84667843333333,6.0,4.0,31
40.00745261666667,32.84667843333333,6.0,4.0,31
40.00745261666667,32.84667843333333,6.0,4.0,31
40.00745261666667,32.84667843333333,6.0,4.0,31
40.00745261666667,32.84667843333333,6.0,4.0,31
40.013261925,32.514975712500004,16.0,5.0,3
40.013261925,32.514975712500004,16.0,5.0,3
40.013261925,32.514975712500004,16.0,5.0,3
40.013261925,32.514975712500004,16.0,5.0,3
40.013261925,32.514975712500004,16.0,5.0,3
40.013261925,32.514975712500004,16.0,5.0,3
40.013261925,32.514975712500004,16.0,5.0,3
40.013261925,32.514975712500004,16.0,5.0,3
40.013261925,32.514975712500004,16.0,5.0,3
40.013261925,32.514975712500004,16.0,5.0,3
40.013261925,32.514975712500004,16.0,5.0,3
40.013261925,32.514975712500004,16.0,5.0,3
40.013261925,32.514975712500004,16.0,5.0,3
40.013261925,32.514975712500004,16.0,5.0,3
40.013261925,32.514975712500004,16.0,5.0,3
40.013261925,32.514975712500004,16.0,5.0,3
39.97800433333333,32.815264,3.0,6.0,31
39.97800433333333,32.815264,3.0,6.0,31
39.97800433333333,32.815264,3.0,6.0,31
39.99372625384616,32.58231316153846,13.0,7.0,3
39.99372625384616,32.58231316153846,13.0,7.0,3
39.99372625384616,32.58231316153846,13.0,7.0,3
39.99372625384616,32.58231316153846,13.0,7.0,3
39.99372625384616,32.58231316153846,13.0,7.0,3
39.99372625384616,32.58231316153846,13.0,7.0,3
39.99372625384616,32.58231316153846,13.0,7.0,3
39.99372625384616,32.58231316153846,13.0,7.0,3
39.99372625384616,32.58231316153846,13.0,7.0,3
39.99372625384616,32.58231316153846,13.0,7.0,3
39.99372625384616,32.58231316153846,13.0,7.0,3
39.99372625384616,32.58231316153846,13.0,7.0,3
39.99372625384616,32.58231316153846,13.0,7.0,3
39.958773840000006,32.72955046,5.0,8.0,31
39.958773840000006,32.72955046,5.0,8.0,31
39.958773840000006,32.72955046,5.0,8.0,31
39.958773840000006,32.72955046,5.0,8.0,31
39.958773840000006,32.72955046,5.0,8.0,31
39.98255338571429,32.84409947142858,7.0,9.0,31
39.98255338571429,32.84409947142858,7.0,9.0,31
39.98255338571429,32.84409947142858,7.0,9.0,31
39.98255338571429,32.84409947142858,7.0,9.0,31
39.98255338571429,32.84409947142858,7.0,9.0,31
39.98255338571429,32.84409947142858,7.0,9.0,31
39.98255338571429,32.84409947142858,7.0,9.0,31
39.96440556666666,32.941169633333324,3.0,10.0,31
39.96440556666666,32.941169633333324,3.0,10.0,31
39.96440556666666,32.941169633333324,3.0,10.0,31
39.95748273809524,32.55701282380952,21.0,11.0,22
39.95748273809524,32.55701282380952,21.0,11.0,22
39.95748273809524,32.55701282380952,21.0,11.0,22
39.95748273809524,32.55701282380952,21.0,11.0,22
39.95748273809524,32.55701282380952,21.0,11.0,22
39.95748273809524,32.55701282380952,21.0,11.0,22
39.95748273809524,32.55701282380952,21.0,11.0,22
39.95748273809524,32.55701282380952,21.0,11.0,22
39.95748273809524,32.55701282380952,21.0,11.0,22
39.95748273809524,32.55701282380952,21.0,11.0,22
39.95748273809524,32.55701282380952,21.0,11.0,22
39.95748273809524,32.55701282380952,21.0,11.0,22
39.95748273809524,32.55701282380952,21.0,11.0,22
39.95748273809524,32.55701282380952,21.0,11.0,22
39.95748273809524,32.55701282380952,21.0,11.0,22
39.95748273809524,32.55701282380952,21.0,11.0,22
39.95748273809524,32.55701282380952,21.0,11.0,22
39.95748273809524,32.55701282380952,21.0,11.0,22
39.95748273809524,32.55701282380952,21.0,11.0,22
39.95748273809524,32.55701282380952,21.0,11.0,22
39.95748273809524,32.55701282380952,21.0,11.0,22
40.018937736842105,32.53090673157894,19.0,12.0,3
40.018937736842105,32.53090673157894,19.0,12.0,3
40.018937736842105,32.53090673157894,19.0,12.0,3
40.018937736842105,32.53090673157894,19.0,12.0,3
40.018937736842105,32.53090673157894,19.0,12.0,3
40.018937736842105,32.53090673157894,19.0,12.0,3
40.018937736842105,32.53090673157894,19.0,12.0,3
40.018937736842105,32.53090673157894,19.0,12.0,3
40.018937736842105,32.53090673157894,19.0,12.0,3
40.018937736842105,32.53090673157894,19.0,12.0,3
40.018937736842105,32.53090673157894,19.0,12.0,3
40.018937736842105,32.53090673157894,19.0,12.0,22
40.018937736842105,32.53090673157894,19.0,12.0,22
40.018937736842105,32.53090673157894,19.0,12.0,22
40.018937736842105,32.53090673157894,19.0,12.0,3
40.018937736842105,32.53090673157894,19.0,12.0,3
40.018937736842105,32.53090673157894,19.0,12.0,3
40.018937736842105,32.53090673157894,19.0,12.0,3
40.018937736842105,32.53090673157894,19.0,12.0,22
39.940318846666656,32.654095266666666,15.0,13.0,51
39.940318846666656,32.654095266666666,15.0,13.0,51
39.940318846666656,32.654095266666666,15.0,13.0,51
39.940318846666656,32.654095266666666,15.0,13.0,51
39.940318846666656,32.654095266666666,15.0,13.0,51
39.940318846666656,32.654095266666666,15.0,13.0,51
39.940318846666656,32.654095266666666,15.0,13.0,51
39.940318846666656,32.654095266666666,15.0,13.0,51
39.940318846666656,32.654095266666666,15.0,13.0,51
39.940318846666656,32.654095266666666,15.0,13.0,51
39.940318846666656,32.654095266666666,15.0,13.0,51
39.940318846666656,32.654095266666666,15.0,13.0,51
39.940318846666656,32.654095266666666,15.0,13.0,51
39.940318846666656,32.654095266666666,15.0,13.0,51
39.940318846666656,32.654095266666666,15.0,13.0,51
39.93958719090909,32.59377574545454,11.0,14.0,51
39.93958719090909,32.59377574545454,11.0,14.0,51
39.93958719090909,32.59377574545454,11.0,14.0,51
39.93958719090909,32.59377574545454,11.0,14.0,51
39.93958719090909,32.59377574545454,11.0,14.0,51
39.93958719090909,32.59377574545454,11.0,14.0,51
39.93958719090909,32.59377574545454,11.0,14.0,51
39.93958719090909,32.59377574545454,11.0,14.0,51
39.93958719090909,32.59377574545454,11.0,14.0,51
39.93958719090909,32.59377574545454,11.0,14.0,51
39.93958719090909,32.59377574545454,11.0,14.0,51
39.989115700000006,32.885323,3.0,15.0,26
39.989115700000006,32.885323,3.0,15.0,26
39.989115700000006,32.885323,3.0,15.0,26
39.94669438,32.65300949,20.0,16.0,22
39.94669438,32.65300949,20.0,16.0,22
39.94669438,32.65300949,20.0,16.0,22
39.94669438,32.65300949,20.0,16.0,22
39.94669438,32.65300949,20.0,16.0,22
39.94669438,32.65300949,20.0,16.0,22
39.94669438,32.65300949,20.0,16.0,22
39.94669438,32.65300949,20.0,16.0,22
39.94669438,32.65300949,20.0,16.0,22
39.94669438,32.65300949,20.0,16.0,22
39.94669438,32.65300949,20.0,16.0,22
39.94669438,32.65300949,20.0,16.0,22
39.94669438,32.65300949,20.0,16.0,22
39.94669438,32.65300949,20.0,16.0,22
39.94669438,32.65300949,20.0,16.0,22
39.94669438,32.65300949,20.0,16.0,22
39.94669438,32.65300949,20.0,16.0,22
39.94669438,32.65300949,20.0,16.0,22
39.94669438,32.65300949,20.0,16.0,22
39.94669438,32.65300949,20.0,16.0,22
39.9706705,32.64135752,5.0,17.0,26
39.9706705,32.64135752,5.0,17.0,26
39.9706705,32.64135752,5.0,17.0,26
39.9706705,32.64135752,5.0,17.0,26
39.9706705,32.64135752,5.0,17.0,26
39.97414685833333,32.612781766666664,12.0,18.0,51
39.97414685833333,32.612781766666664,12.0,18.0,51
39.97414685833333,32.612781766666664,12.0,18.0,51
39.97414685833333,32.612781766666664,12.0,18.0,51
39.97414685833333,32.612781766666664,12.0,18.0,51
39.97414685833333,32.612781766666664,12.0,18.0,51
39.97414685833333,32.612781766666664,12.0,18.0,51
39.97414685833333,32.612781766666664,12.0,18.0,51
39.97414685833333,32.612781766666664,12.0,18.0,51
39.97414685833333,32.612781766666664,12.0,18.0,51
39.97414685833333,32.612781766666664,12.0,18.0,51
39.97414685833333,32.612781766666664,12.0,18.0,51
39.99145855555555,32.80470271111111,9.0,19.0,51
39.99145855555555,32.80470271111111,9.0,19.0,51
39.99145855555555,32.80470271111111,9.0,19.0,51
39.99145855555555,32.80470271111111,9.0,19.0,51
39.99145855555555,32.80470271111111,9.0,19.0,26
39.99145855555555,32.80470271111111,9.0,19.0,26
39.99145855555555,32.80470271111111,9.0,19.0,26
39.99145855555555,32.80470271111111,9.0,19.0,26
39.99145855555555,32.80470271111111,9.0,19.0,26
39.99003565,32.65754715,2.0,20.0,26
39.99003565,32.65754715,2.0,20.0,26
39.92541573333334,32.8999169,3.0,21.0,26
39.92541573333334,32.8999169,3.0,21.0,26
39.92541573333334,32.8999169,3.0,21.0,26
39.946321485714286,32.66593152857143,7.0,22.0,26
39.946321485714286,32.66593152857143,7.0,22.0,26
39.946321485714286,32.66593152857143,7.0,22.0,26
39.946321485714286,32.66593152857143,7.0,22.0,26
39.946321485714286,32.66593152857143,7.0,22.0,26
39.946321485714286,32.66593152857143,7.0,22.0,26
39.946321485714286,32.66593152857143,7.0,22.0,26
39.97611845,32.865589,2.0,23.0,26
39.97611845,32.865589,2.0,23.0,26
39.98562605,32.6096929,4.0,24.0,26
39.98562605,32.6096929,4.0,24.0,26
39.98562605,32.6096929,4.0,24.0,26
39.98562605,32.6096929,4.0,24.0,26
39.99737087142857,32.5165989,7.0,25.0,26
39.99737087142857,32.5165989,7.0,25.0,26
39.99737087142857,32.5165989,7.0,25.0,26
39.99737087142857,32.5165989,7.0,25.0,26
39.99737087142857,32.5165989,7.0,25.0,26
39.99737087142857,32.5165989,7.0,25.0,26
39.99737087142857,32.5165989,7.0,25.0,26
39.97763834285714,32.60199955714286,7.0,26.0,26
39.97763834285714,32.60199955714286,7.0,26.0,26
39.97763834285714,32.60199955714286,7.0,26.0,26
39.97763834285714,32.60199955714286,7.0,26.0,26
39.97763834285714,32.60199955714286,7.0,26.0,26
39.97763834285714,32.60199955714286,7.0,26.0,26
39.97763834285714,32.60199955714286,7.0,26.0,26
40.00951700625,32.516332287500006,16.0,27.0,23
40.00951700625,32.516332287500006,16.0,27.0,23
40.00951700625,32.516332287500006,16.0,27.0,23
40.00951700625,32.516332287500006,16.0,27.0,23
40.00951700625,32.516332287500006,16.0,27.0,23
40.00951700625,32.516332287500006,16.0,27.0,23
40.00951700625,32.516332287500006,16.0,27.0,23
40.00951700625,32.516332287500006,16.0,27.0,23
40.00951700625,32.516332287500006,16.0,27.0,23
40.00951700625,32.516332287500006,16.0,27.0,23
40.00951700625,32.516332287500006,16.0,27.0,23
40.00951700625,32.516332287500006,16.0,27.0,23
40.00951700625,32.516332287500006,16.0,27.0,23
40.00951700625,32.516332287500006,16.0,27.0,23
40.00951700625,32.516332287500006,16.0,27.0,23
40.00951700625,32.516332287500006,16.0,27.0,23
39.977599266666665,32.6279068,3.0,28.0,9
39.977599266666665,32.6279068,3.0,28.0,9
39.977599266666665,32.6279068,3.0,28.0,9
39.99204321999999,32.555383719999995,5.0,29.0,9
39.99204321999999,32.555383719999995,5.0,29.0,9
39.99204321999999,32.555383719999995,5.0,29.0,9
39.99204321999999,32.555383719999995,5.0,29.0,9
39.99204321999999,32.555383719999995,5.0,29.0,9
40.01625414,32.86590897999999,5.0,30.0,9
40.01625414,32.86590897999999,5.0,30.0,9
40.01625414,32.86590897999999,5.0,30.0,9
40.01625414,32.86590897999999,5.0,30.0,9
40.01625414,32.86590897999999,5.0,30.0,9
39.91625415,32.9377748,2.0,31.0,9
39.91625415,32.9377748,2.0,31.0,9
39.9035674,32.96798615,2.0,32.0,9
39.9035674,32.96798615,2.0,32.0,9
40.0059742,32.6458246,3.0,33.0,9
40.0059742,32.6458246,3.0,33.0,9
40.0059742,32.6458246,3.0,33.0,9
40.01629154444445,32.5354465,9.0,34.0,9
40.01629154444445,32.5354465,9.0,34.0,9
40.01629154444445,32.5354465,9.0,34.0,9
40.01629154444445,32.5354465,9.0,34.0,9
40.01629154444445,32.5354465,9.0,34.0,9
40.01629154444445,32.5354465,9.0,34.0,9
40.01629154444445,32.5354465,9.0,34.0,9
40.01629154444445,32.5354465,9.0,34.0,9
40.01629154444445,32.5354465,9.0,34.0,9
39.999404266666666,32.63128686666666,3.0,35.0,9
39.999404266666666,32.63128686666666,3.0,35.0,9
39.999404266666666,32.63128686666666,3.0,35.0,9
39.93892554999999,32.8829361,2.0,36.0,9
39.93892554999999,32.8829361,2.0,36.0,9
39.946613925,32.6067542,4.0,37.0,9
39.946613925,32.6067542,4.0,37.0,9
39.946613925,32.6067542,4.0,37.0,9
39.946613925,32.6067542,4.0,37.0,9
39.85932255,32.64264395,2.0,38.0,43
39.85932255,32.64264395,2.0,38.0,43
39.9741982,32.8546357,4.0,39.0,43
39.9741982,32.8546357,4.0,39.0,43
39.9741982,32.8546357,4.0,39.0,43
39.9741982,32.8546357,4.0,39.0,43
39.88492655,32.81935825,2.0,40.0,43
39.88492655,32.81935825,2.0,40.0,43
39.95004905,32.8649994,2.0,41.0,43
39.95004905,32.8649994,2.0,41.0,43
39.96619605555556,32.60146135555556,9.0,42.0,43
39.96619605555556,32.60146135555556,9.0,42.0,43
39.96619605555556,32.60146135555556,9.0,42.0,43
39.96619605555556,32.60146135555556,9.0,42.0,43
39.96619605555556,32.60146135555556,9.0,42.0,43
39.96619605555556,32.60146135555556,9.0,42.0,43
39.96619605555556,32.60146135555556,9.0,42.0,43
39.96619605555556,32.60146135555556,9.0,42.0,43
39.96619605555556,32.60146135555556,9.0,42.0,43
39.97430883333334,32.647658033333336,3.0,43.0,43
39.97430883333334,32.647658033333336,3.0,43.0,43
39.97430883333334,32.647658033333336,3.0,43.0,43
39.9669066,32.79737965,2.0,44.0,43
39.9669066,32.79737965,2.0,44.0,43
39.9825275,32.83275103333333,3.0,45.0,43
39.9825275,32.83275103333333,3.0,45.0,43
39.9825275,32.83275103333333,3.0,45.0,43
39.99389486666667,32.86989726666666,3.0,46.0,43
39.99389486666667,32.86989726666666,3.0,46.0,43
39.99389486666667,32.86989726666666,3.0,46.0,43
39.88976325,32.68010635,2.0,47.0,43
39.88976325,32.68010635,2.0,47.0,43
39.97037644736843,32.584734810526314,19.0,48.0,27
39.97037644736843,32.584734810526314,19.0,48.0,27
39.97037644736843,32.584734810526314,19.0,48.0,27
39.97037644736843,32.584734810526314,19.0,48.0,27
39.97037644736843,32.584734810526314,19.0,48.0,27
39.97037644736843,32.584734810526314,19.0,48.0,27
39.97037644736843,32.584734810526314,19.0,48.0,27
39.97037644736843,32.584734810526314,19.0,48.0,27
39.97037644736843,32.584734810526314,19.0,48.0,27
39.97037644736843,32.584734810526314,19.0,48.0,27
39.97037644736843,32.584734810526314,19.0,48.0,27
39.97037644736843,32.584734810526314,19.0,48.0,27
39.97037644736843,32.584734810526314,19.0,48.0,27
39.97037644736843,32.584734810526314,19.0,48.0,27
39.97037644736843,32.584734810526314,19.0,48.0,27
39.97037644736843,32.584734810526314,19.0,48.0,27
39.97037644736843,32.584734810526314,19.0,48.0,27
39.97037644736843,32.584734810526314,19.0,48.0,27
39.97037644736843,32.584734810526314,19.0,48.0,27
39.92960413333333,32.63707933333333,3.0,49.0,43
39.92960413333333,32.63707933333333,3.0,49.0,43
39.92960413333333,32.63707933333333,3.0,49.0,43
39.8921541,32.7016155,2.0,50.0,17
39.8921541,32.7016155,2.0,50.0,17
40.00505738666667,32.520025620000006,15.0,51.0,27
40.00505738666667,32.520025620000006,15.0,51.0,27
40.00505738666667,32.520025620000006,15.0,51.0,27
40.00505738666667,32.520025620000006,15.0,51.0,27
40.00505738666667,32.520025620000006,15.0,51.0,27
40.00505738666667,32.520025620000006,15.0,51.0,27
40.00505738666667,32.520025620000006,15.0,51.0,27
40.00505738666667,32.520025620000006,15.0,51.0,27
40.00505738666667,32.520025620000006,15.0,51.0,27
40.00505738666667,32.520025620000006,15.0,51.0,27
40.00505738666667,32.520025620000006,15.0,51.0,27
40.00505738666667,32.520025620000006,15.0,51.0,27
40.00505738666667,32.520025620000006,15.0,51.0,27
40.00505738666667,32.520025620000006,15.0,51.0,27
40.00505738666667,32.520025620000006,15.0,51.0,27
39.8945662,32.7992532,4.0,52.0,17
39.8945662,32.7992532,4.0,52.0,17
39.8945662,32.7992532,4.0,52.0,17
39.8945662,32.7992532,4.0,52.0,17
39.95155595,32.72432435,2.0,53.0,17
39.95155595,32.72432435,2.0,53.0,17
39.94233157777777,32.64857374444445,9.0,54.0,17
39.94233157777777,32.64857374444445,9.0,54.0,17
39.94233157777777,32.64857374444445,9.0,54.0,17
39.94233157777777,32.64857374444445,9.0,54.0,17
39.94233157777777,32.64857374444445,9.0,54.0,17
39.94233157777777,32.64857374444445,9.0,54.0,17
39.94233157777777,32.64857374444445,9.0,54.0,17
39.94233157777777,32.64857374444445,9.0,54.0,17
39.94233157777777,32.64857374444445,9.0,54.0,17
40.0145604,32.859447375,4.0,55.0,17
40.0145604,32.859447375,4.0,55.0,17
40.0145604,32.859447375,4.0,55.0,17
40.0145604,32.859447375,4.0,55.0,17
39.967903750000005,32.596926285,20.0,56.0,36
39.967903750000005,32.596926285,20.0,56.0,36
39.967903750000005,32.596926285,20.0,56.0,36
39.967903750000005,32.596926285,20.0,56.0,36
39.967903750000005,32.596926285,20.0,56.0,36
39.967903750000005,32.596926285,20.0,56.0,36
39.967903750000005,32.596926285,20.0,56.0,36
39.967903750000005,32.596926285,20.0,56.0,36
39.967903750000005,32.596926285,20.0,56.0,36
39.967903750000005,32.596926285,20.0,56.0,36
39.967903750000005,32.596926285,20.0,56.0,36
39.967903750000005,32.596926285,20.0,56.0,36
39.967903750000005,32.596926285,20.0,56.0,36
39.967903750000005,32.596926285,20.0,56.0,36
39.967903750000005,32.596926285,20.0,56.0,36
39.967903750000005,32.596926285,20.0,56.0,36
39.967903750000005,32.596926285,20.0,56.0,36
39.967903750000005,32.596926285,20.0,56.0,36
39.967903750000005,32.596926285,20.0,56.0,36
39.967903750000005,32.596926285,20.0,56.0,36
40.01146132,32.53564324,5.0,57.0,17
40.01146132,32.53564324,5.0,57.0,17
40.01146132,32.53564324,5.0,57.0,17
40.01146132,32.53564324,5.0,57.0,17
40.01146132,32.53564324,5.0,57.0,17
39.94882260666667,32.64720712666667,15.0,58.0,36
39.94882260666667,32.64720712666667,15.0,58.0,36
39.94882260666667,32.64720712666667,15.0,58.0,36
39.94882260666667,32.64720712666667,15.0,58.0,36
39.94882260666667,32.64720712666667,15.0,58.0,36
39.94882260666667,32.64720712666667,15.0,58.0,36
39.94882260666667,32.64720712666667,15.0,58.0,36
39.94882260666667,32.64720712666667,15.0,58.0,36
39.94882260666667,32.64720712666667,15.0,58.0,36
39.94882260666667,32.64720712666667,15.0,58.0,36
39.94882260666667,32.64720712666667,15.0,58.0,36
39.94882260666667,32.64720712666667,15.0,58.0,36
39.94882260666667,32.64720712666667,15.0,58.0,36
39.94882260666667,32.64720712666667,15.0,58.0,36
39.94882260666667,32.64720712666667,15.0,58.0,36
39.912379325,32.899184025,4.0,59.0,17
39.912379325,32.899184025,4.0,59.0,17
39.912379325,32.899184025,4.0,59.0,17
39.912379325,32.899184025,4.0,59.0,17
39.990899475000006,32.6180586,4.0,60.0,17
39.990899475000006,32.6180586,4.0,60.0,17
39.990899475000006,32.6180586,4.0,60.0,17
39.990899475000006,32.6180586,4.0,60.0,17
39.9794979,32.7303962,2.0,61.0,17
39.9794979,32.7303962,2.0,61.0,17
39.9797964,32.6446865,4.0,62.0,0
39.9797964,32.6446865,4.0,62.0,0
39.9797964,32.6446865,4.0,62.0,0
39.9797964,32.6446865,4.0,62.0,0
39.95294816818181,32.59928221818183,22.0,63.0,13
39.95294816818181,32.59928221818183,22.0,63.0,13
39.95294816818181,32.59928221818183,22.0,63.0,13
39.95294816818181,32.59928221818183,22.0,63.0,13
39.95294816818181,32.59928221818183,22.0,63.0,13
39.95294816818181,32.59928221818183,22.0,63.0,13
39.95294816818181,32.59928221818183,22.0,63.0,13
39.95294816818181,32.59928221818183,22.0,63.0,13
39.95294816818181,32.59928221818183,22.0,63.0,13
39.95294816818181,32.59928221818183,22.0,63.0,13
39.95294816818181,32.59928221818183,22.0,63.0,13
39.95294816818181,32.59928221818183,22.0,63.0,13
39.95294816818181,32.59928221818183,22.0,63.0,13
39.95294816818181,32.59928221818183,22.0,63.0,13
39.95294816818181,32.59928221818183,22.0,63.0,13
39.95294816818181,32.59928221818183,22.0,63.0,13
39.95294816818181,32.59928221818183,22.0,63.0,13
39.95294816818181,32.59928221818183,22.0,63.0,13
39.95294816818181,32.59928221818183,22.0,63.0,13
39.95294816818181,32.59928221818183,22.0,63.0,13
39.95294816818181,32.59928221818183,22.0,63.0,13
39.95294816818181,32.59928221818183,22.0,63.0,13
39.9823198,32.652411349999994,2.0,64.0,0
39.9823198,32.652411349999994,2.0,64.0,0
40.02191905,32.52206555,8.0,65.0,0
40.02191905,32.52206555,8.0,65.0,0
40.02191905,32.52206555,8.0,65.0,0
40.02191905,32.52206555,8.0,65.0,0
40.02191905,32.52206555,8.0,65.0,0
40.02191905,32.52206555,8.0,65.0,0
40.02191905,32.52206555,8.0,65.0,0
40.02191905,32.52206555,8.0,65.0,0
39.943440333333335,32.893944033333334,3.0,66.0,0
39.943440333333335,32.893944033333334,3.0,66.0,0
39.943440333333335,32.893944033333334,3.0,66.0,0
40.00647041428572,32.8696428,7.0,67.0,0
40.00647041428572,32.8696428,7.0,67.0,0
40.00647041428572,32.8696428,7.0,67.0,0
40.00647041428572,32.8696428,7.0,67.0,0
40.00647041428572,32.8696428,7.0,67.0,0
40.00647041428572,32.8696428,7.0,67.0,0
40.00647041428572,32.8696428,7.0,67.0,0
39.88853593333334,32.61870366666667,3.0,68.0,0
39.88853593333334,32.61870366666667,3.0,68.0,0
39.88853593333334,32.61870366666667,3.0,68.0,0
39.97205966956521,32.575494160869575,23.0,69.0,13
39.97205966956521,32.575494160869575,23.0,69.0,13
39.97205966956521,32.575494160869575,23.0,69.0,13
39.97205966956521,32.575494160869575,23.0,69.0,13
39.97205966956521,32.575494160869575,23.0,69.0,13
39.97205966956521,32.575494160869575,23.0,69.0,13
39.97205966956521,32.575494160869575,23.0,69.0,13
39.97205966956521,32.575494160869575,23.0,69.0,13
39.97205966956521,32.575494160869575,23.0,69.0,13
39.97205966956521,32.575494160869575,23.0,69.0,13
39.97205966956521,32.575494160869575,23.0,69.0,13
39.97205966956521,32.575494160869575,23.0,69.0,13
39.97205966956521,32.575494160869575,23.0,69.0,13
39.97205966956521,32.575494160869575,23.0,69.0,13
39.97205966956521,32.575494160869575,23.0,69.0,13
39.97205966956521,32.575494160869575,23.0,69.0,13
39.97205966956521,32.575494160869575,23.0,69.0,13
39.97205966956521,32.575494160869575,23.0,69.0,13
39.97205966956521,32.575494160869575,23.0,69.0,13
39.97205966956521,32.575494160869575,23.0,69.0,13
39.97205966956521,32.575494160869575,23.0,69.0,13
39.97205966956521,32.575494160869575,23.0,69.0,13
39.97205966956521,32.575494160869575,23.0,69.0,13
39.95844538333333,32.59325459666666,30.0,70.0,28
39.95844538333333,32.59325459666666,30.0,70.0,28
39.95844538333333,32.59325459666666,30.0,70.0,28
39.95844538333333,32.59325459666666,30.0,70.0,28
39.95844538333333,32.59325459666666,30.0,70.0,28
39.95844538333333,32.59325459666666,30.0,70.0,28
39.95844538333333,32.59325459666666,30.0,70.0,28
39.95844538333333,32.59325459666666,30.0,70.0,28
39.95844538333333,32.59325459666666,30.0,70.0,28
39.95844538333333,32.59325459666666,30.0,70.0,28
39.95844538333333,32.59325459666666,30.0,70.0,28
39.95844538333333,32.59325459666666,30.0,70.0,28
39.95844538333333,32.59325459666666,30.0,70.0,28
39.95844538333333,32.59325459666666,30.0,70.0,28
39.95844538333333,32.59325459666666,30.0,70.0,28
39.95844538333333,32.59325459666666,30.0,70.0,28
39.95844538333333,32.59325459666666,30.0,70.0,28
39.95844538333333,32.59325459666666,30.0,70.0,28
39.95844538333333,32.59325459666666,30.0,70.0,28
39.95844538333333,32.59325459666666,30.0,70.0,28
39.95844538333333,32.59325459666666,30.0,70.0,28
39.95844538333333,32.59325459666666,30.0,70.0,28
39.95844538333333,32.59325459666666,30.0,70.0,28
39.95844538333333,32.59325459666666,30.0,70.0,28
39.95844538333333,32.59325459666666,30.0,70.0,28
39.95844538333333,32.59325459666666,30.0,70.0,28
39.95844538333333,32.59325459666666,30.0,70.0,28
39.95844538333333,32.59325459666666,30.0,70.0,28
39.95844538333333,32.59325459666666,30.0,70.0,28
39.95844538333333,32.59325459666666,30.0,70.0,28
39.96494261666667,32.59390115833334,12.0,71.0,0
39.96494261666667,32.59390115833334,12.0,71.0,50
39.96494261666667,32.59390115833334,12.0,71.0,50
39.96494261666667,32.59390115833334,12.0,71.0,50
39.96494261666667,32.59390115833334,12.0,71.0,50
39.96494261666667,32.59390115833334,12.0,71.0,0
39.96494261666667,32.59390115833334,12.0,71.0,0
39.96494261666667,32.59390115833334,12.0,71.0,50
39.96494261666667,32.59390115833334,12.0,71.0,0
39.96494261666667,32.59390115833334,12.0,71.0,0
39.96494261666667,32.59390115833334,12.0,71.0,0
39.96494261666667,32.59390115833334,12.0,71.0,50
39.93159791818182,32.611344836363635,11.0,72.0,50
39.93159791818182,32.611344836363635,11.0,72.0,50
39.93159791818182,32.611344836363635,11.0,72.0,50
39.93159791818182,32.611344836363635,11.0,72.0,50
39.93159791818182,32.611344836363635,11.0,72.0,50
39.93159791818182,32.611344836363635,11.0,72.0,50
39.93159791818182,32.611344836363635,11.0,72.0,50
39.93159791818182,32.611344836363635,11.0,72.0,50
39.93159791818182,32.611344836363635,11.0,72.0,50
39.93159791818182,32.611344836363635,11.0,72.0,50
39.93159791818182,32.611344836363635,11.0,72.0,50
39.96327224285714,32.57373318571428,7.0,73.0,50
39.96327224285714,32.57373318571428,7.0,73.0,50
39.96327224285714,32.57373318571428,7.0,73.0,50
39.96327224285714,32.57373318571428,7.0,73.0,50
39.96327224285714,32.57373318571428,7.0,73.0,50
39.96327224285714,32.57373318571428,7.0,73.0,50
39.96327224285714,32.57373318571428,7.0,73.0,50
39.93348911666667,32.638910483333326,6.0,74.0,50
39.93348911666667,32.638910483333326,6.0,74.0,50
39.93348911666667,32.638910483333326,6.0,74.0,50
39.93348911666667,32.638910483333326,6.0,74.0,50
39.93348911666667,32.638910483333326,6.0,74.0,50
39.93348911666667,32.638910483333326,6.0,74.0,50
40.00938478333334,32.52515066666666,6.0,75.0,50
40.00938478333334,32.52515066666666,6.0,75.0,50
40.00938478333334,32.52515066666666,6.0,75.0,50
40.00938478333334,32.52515066666666,6.0,75.0,50
40.00938478333334,32.52515066666666,6.0,75.0,50
40.00938478333334,32.52515066666666,6.0,75.0,50
39.95613686428572,32.563732849999994,14.0,76.0,20
39.95613686428572,32.563732849999994,14.0,76.0,20
39.95613686428572,32.563732849999994,14.0,76.0,20
39.95613686428572,32.563732849999994,14.0,76.0,20
39.95613686428572,32.563732849999994,14.0,76.0,20
39.95613686428572,32.563732849999994,14.0,76.0,20
39.95613686428572,32.563732849999994,14.0,76.0,20
39.95613686428572,32.563732849999994,14.0,76.0,20
39.95613686428572,32.563732849999994,14.0,76.0,20
39.95613686428572,32.563732849999994,14.0,76.0,20
39.95613686428572,32.563732849999994,14.0,76.0,20
39.95613686428572,32.563732849999994,14.0,76.0,20
39.95613686428572,32.563732849999994,14.0,76.0,20
39.95613686428572,32.563732849999994,14.0,76.0,20
39.94624755555556,32.59331885555556,9.0,77.0,50
39.94624755555556,32.59331885555556,9.0,77.0,50
39.94624755555556,32.59331885555556,9.0,77.0,50
39.94624755555556,32.59331885555556,9.0,77.0,50
39.94624755555556,32.59331885555556,9.0,77.0,50
39.94624755555556,32.59331885555556,9.0,77.0,50
39.94624755555556,32.59331885555556,9.0,77.0,50
39.94624755555556,32.59331885555556,9.0,77.0,50
39.94624755555556,32.59331885555556,9.0,77.0,50
39.95936771578947,32.56704094736842,19.0,78.0,20
39.95936771578947,32.56704094736842,19.0,78.0,20
39.95936771578947,32.56704094736842,19.0,78.0,20
39.95936771578947,32.56704094736842,19.0,78.0,20
39.95936771578947,32.56704094736842,19.0,78.0,20
39.95936771578947,32.56704094736842,19.0,78.0,20
39.95936771578947,32.56704094736842,19.0,78.0,20
39.95936771578947,32.56704094736842,19.0,78.0,20
39.95936771578947,32.56704094736842,19.0,78.0,20
39.95936771578947,32.56704094736842,19.0,78.0,20
39.95936771578947,32.56704094736842,19.0,78.0,20
39.95936771578947,32.56704094736842,19.0,78.0,20
39.95936771578947,32.56704094736842,19.0,78.0,20
39.95936771578947,32.56704094736842,19.0,78.0,20
39.95936771578947,32.56704094736842,19.0,78.0,20
39.95936771578947,32.56704094736842,19.0,78.0,20
39.95936771578947,32.56704094736842,19.0,78.0,20
39.95936771578947,32.56704094736842,19.0,78.0,20
39.95936771578947,32.56704094736842,19.0,78.0,20
40.0129334,32.740723,1.0,79.0,10
39.96465113000001,32.58908616,10.0,80.0,20
39.96465113000001,32.58908616,10.0,80.0,20
39.96465113000001,32.58908616,10.0,80.0,20
39.96465113000001,32.58908616,10.0,80.0,20
39.96465113000001,32.58908616,10.0,80.0,20
39.96465113000001,32.58908616,10.0,80.0,20
39.96465113000001,32.58908616,10.0,80.0,20
39.96465113000001,32.58908616,10.0,80.0,20
39.96465113000001,32.58908616,10.0,80.0,20
39.96465113000001,32.58908616,10.0,80.0,20
39.9505352,32.87942605,2.0,81.0,10
39.9505352,32.87942605,2.0,81.0,10
39.99347220000001,32.64450406666666,3.0,82.0,10
39.99347220000001,32.64450406666666,3.0,82.0,10
39.99347220000001,32.64450406666666,3.0,82.0,10
39.95712953333334,32.6022091,3.0,83.0,10
39.95712953333334,32.6022091,3.0,83.0,10
39.95712953333334,32.6022091,3.0,83.0,10
39.93165885,32.62059671666667,6.0,84.0,10
39.93165885,32.62059671666667,6.0,84.0,10
39.93165885,32.62059671666667,6.0,84.0,10
39.93165885,32.62059671666667,6.0,84.0,10
39.93165885,32.62059671666667,6.0,84.0,10
39.93165885,32.62059671666667,6.0,84.0,10
39.98349334285714,32.57936535714286,14.0,85.0,38
39.98349334285714,32.57936535714286,14.0,85.0,38
39.98349334285714,32.57936535714286,14.0,85.0,38
39.98349334285714,32.57936535714286,14.0,85.0,38
39.98349334285714,32.57936535714286,14.0,85.0,38
39.98349334285714,32.57936535714286,14.0,85.0,38
39.98349334285714,32.57936535714286,14.0,85.0,38
39.98349334285714,32.57936535714286,14.0,85.0,38
39.98349334285714,32.57936535714286,14.0,85.0,38
39.98349334285714,32.57936535714286,14.0,85.0,38
39.98349334285714,32.57936535714286,14.0,85.0,38
39.98349334285714,32.57936535714286,14.0,85.0,38
39.98349334285714,32.57936535714286,14.0,85.0,38
39.98349334285714,32.57936535714286,14.0,85.0,38
39.9895127375,32.5738558875,8.0,86.0,38
39.9895127375,32.5738558875,8.0,86.0,38
39.9895127375,32.5738558875,8.0,86.0,38
39.9895127375,32.5738558875,8.0,86.0,38
39.9895127375,32.5738558875,8.0,86.0,38
39.9895127375,32.5738558875,8.0,86.0,38
39.9895127375,32.5738558875,8.0,86.0,38
39.9895127375,32.5738558875,8.0,86.0,38
39.82813885,32.71525825,2.0,87.0,10
39.82813885,32.71525825,2.0,87.0,10
39.94840495,32.61945933333334,12.0,88.0,38
39.94840495,32.61945933333334,12.0,88.0,38
39.94840495,32.61945933333334,12.0,88.0,38
39.94840495,32.61945933333334,12.0,88.0,38
39.94840495,32.61945933333334,12.0,88.0,38
39.94840495,32.61945933333334,12.0,88.0,38
39.94840495,32.61945933333334,12.0,88.0,38
39.94840495,32.61945933333334,12.0,88.0,38
39.94840495,32.61945933333334,12.0,88.0,38
39.94840495,32.61945933333334,12.0,88.0,38
39.94840495,32.61945933333334,12.0,88.0,38
39.94840495,32.61945933333334,12.0,88.0,38
39.9893272,32.5089856,4.0,89.0,10
39.9893272,32.5089856,4.0,89.0,10
39.9893272,32.5089856,4.0,89.0,10
39.9893272,32.5089856,4.0,89.0,10
39.90660915,32.93167835,2.0,90.0,10
39.90660915,32.93167835,2.0,90.0,10
39.95282779,32.56255385,10.0,91.0,38
39.95282779,32.56255385,10.0,91.0,38
39.95282779,32.56255385,10.0,91.0,38
39.95282779,32.56255385,10.0,91.0,38
39.95282779,32.56255385,10.0,91.0,38
39.95282779,32.56255385,10.0,91.0,38
39.95282779,32.56255385,10.0,91.0,38
39.95282779,32.56255385,10.0,91.0,38
39.95282779,32.56255385,10.0,91.0,38
39.95282779,32.56255385,10.0,91.0,38
40.00328254,32.88494718,5.0,92.0,10
40.00328254,32.88494718,5.0,92.0,10
40.00328254,32.88494718,5.0,92.0,10
40.00328254,32.88494718,5.0,92.0,10
40.00328254,32.88494718,5.0,92.0,10
39.98896526666667,32.85494786666666,3.0,93.0,10
39.98896526666667,32.85494786666666,3.0,93.0,10
39.98896526666667,32.85494786666666,3.0,93.0,10
39.9633488,32.6988147,2.0,94.0,10
39.9633488,32.6988147,2.0,94.0,10
39.9695352,32.78570936666667,3.0,95.0,10
39.9695352,32.78570936666667,3.0,95.0,10
39.9695352,32.78570936666667,3.0,95.0,10
39.94205824,32.573391300000004,5.0,96.0,10
39.94205824,32.573391300000004,5.0,96.0,10
39.94205824,32.573391300000004,5.0,96.0,10
39.94205824,32.573391300000004,5.0,96.0,10
39.94205824,32.573391300000004,5.0,96.0,10
39.96996116666667,32.72975426666667,3.0,97.0,10
39.96996116666667,32.72975426666667,3.0,97.0,16
39.96996116666667,32.72975426666667,3.0,97.0,16
39.94151475,32.61562501666667,6.0,98.0,16
39.94151475,32.61562501666667,6.0,98.0,16
39.94151475,32.61562501666667,6.0,98.0,16
39.94151475,32.61562501666667,6.0,98.0,16
39.94151475,32.61562501666667,6.0,98.0,16
39.94151475,32.61562501666667,6.0,98.0,16
39.99386528571428,32.59405587142857,7.0,99.0,16
39.99386528571428,32.59405587142857,7.0,99.0,16
39.99386528571428,32.59405587142857,7.0,99.0,16
39.99386528571428,32.59405587142857,7.0,99.0,16
39.99386528571428,32.59405587142857,7.0,99.0,16
39.99386528571428,32.59405587142857,7.0,99.0,16
39.99386528571428,32.59405587142857,7.0,99.0,16
39.97685463333334,32.886546,3.0,100.0,16
39.97685463333334,32.886546,3.0,100.0,16
39.97685463333334,32.886546,3.0,100.0,16
39.94185049090909,32.64415557272728,11.0,101.0,16
39.94185049090909,32.64415557272728,11.0,101.0,16
39.94185049090909,32.64415557272728,11.0,101.0,16
39.94185049090909,32.64415557272728,11.0,101.0,16
39.94185049090909,32.64415557272728,11.0,101.0,16
39.94185049090909,32.64415557272728,11.0,101.0,16
39.94185049090909,32.64415557272728,11.0,101.0,16
39.94185049090909,32.64415557272728,11.0,101.0,16
39.94185049090909,32.64415557272728,11.0,101.0,16
39.94185049090909,32.64415557272728,11.0,101.0,16
39.94185049090909,32.64415557272728,11.0,101.0,16
39.9429011,32.901027633333335,3.0,102.0,16
39.9429011,32.901027633333335,3.0,102.0,16
39.9429011,32.901027633333335,3.0,102.0,16
39.95397299,32.61339005000001,20.0,103.0,30
39.95397299,32.61339005000001,20.0,103.0,30
39.95397299,32.61339005000001,20.0,103.0,30
39.95397299,32.61339005000001,20.0,103.0,30
39.95397299,32.61339005000001,20.0,103.0,30
39.95397299,32.61339005000001,20.0,103.0,30
39.95397299,32.61339005000001,20.0,103.0,30
39.95397299,32.61339005000001,20.0,103.0,30
39.95397299,32.61339005000001,20.0,103.0,30
39.95397299,32.61339005000001,20.0,103.0,30
39.95397299,32.61339005000001,20.0,103.0,30
39.95397299,32.61339005000001,20.0,103.0,30
39.95397299,32.61339005000001,20.0,103.0,30
39.95397299,32.61339005000001,20.0,103.0,30
39.95397299,32.61339005000001,20.0,103.0,30
39.95397299,32.61339005000001,20.0,103.0,30
39.95397299,32.61339005000001,20.0,103.0,30
39.95397299,32.61339005000001,20.0,103.0,30
39.95397299,32.61339005000001,20.0,103.0,30
39.95397299,32.61339005000001,20.0,103.0,30
40.03477256666667,32.85061416666667,3.0,104.0,16
40.03477256666667,32.85061416666667,3.0,104.0,16
40.03477256666667,32.85061416666667,3.0,104.0,16
40.00432438,32.53085349,10.0,105.0,16
40.00432438,32.53085349,10.0,105.0,16
40.00432438,32.53085349,10.0,105.0,16
40.00432438,32.53085349,10.0,105.0,16
40.00432438,32.53085349,10.0,105.0,16
40.00432438,32.53085349,10.0,105.0,16
40.00432438,32.53085349,10.0,105.0,16
40.00432438,32.53085349,10.0,105.0,16
40.00432438,32.53085349,10.0,105.0,16
40.00432438,32.53085349,10.0,105.0,16
39.93310043333333,32.89302596666666,3.0,106.0,37
39.93310043333333,32.89302596666666,3.0,106.0,37
39.93310043333333,32.89302596666666,3.0,106.0,37
39.9808645,32.7563679,2.0,107.0,37
39.9808645,32.7563679,2.0,107.0,37
39.96216933333333,32.72309333333333,3.0,108.0,37
39.96216933333333,32.72309333333333,3.0,108.0,37
39.96216933333333,32.72309333333333,3.0,108.0,37
39.95456066428572,32.573368228571425,14.0,109.0,30
39.95456066428572,32.573368228571425,14.0,109.0,30
39.95456066428572,32.573368228571425,14.0,109.0,30
39.95456066428572,32.573368228571425,14.0,109.0,30
39.95456066428572,32.573368228571425,14.0,109.0,30
39.95456066428572,32.573368228571425,14.0,109.0,30
39.95456066428572,32.573368228571425,14.0,109.0,30
39.95456066428572,32.573368228571425,14.0,109.0,30
39.95456066428572,32.573368228571425,14.0,109.0,30
39.95456066428572,32.573368228571425,14.0,109.0,30
39.95456066428572,32.573368228571425,14.0,109.0,30
39.95456066428572,32.573368228571425,14.0,109.0,30
39.95456066428572,32.573368228571425,14.0,109.0,30
39.95456066428572,32.573368228571425,14.0,109.0,30
39.9801991,32.61504515,4.0,110.0,37
39.9801991,32.61504515,4.0,110.0,37
39.9801991,32.61504515,4.0,110.0,37
39.9801991,32.61504515,4.0,110.0,37
39.9804743,32.79751745,2.0,111.0,37
39.9804743,32.79751745,2.0,111.0,37
40.01293798333334,32.528079466666675,6.0,112.0,37
40.01293798333334,32.528079466666675,6.0,112.0,37
40.01293798333334,32.528079466666675,6.0,112.0,37
40.01293798333334,32.528079466666675,6.0,112.0,37
40.01293798333334,32.528079466666675,6.0,112.0,37
40.01293798333334,32.528079466666675,6.0,112.0,37
39.950786475,32.6427525875,8.0,113.0,37
39.950786475,32.6427525875,8.0,113.0,37
39.950786475,32.6427525875,8.0,113.0,37
39.950786475,32.6427525875,8.0,113.0,37
39.950786475,32.6427525875,8.0,113.0,37
39.950786475,32.6427525875,8.0,113.0,37
39.950786475,32.6427525875,8.0,113.0,37
39.950786475,32.6427525875,8.0,113.0,37
39.88866475,32.8890757,2.0,114.0,37
39.88866475,32.8890757,2.0,114.0,37
39.9206258,32.9135937,2.0,115.0,37
39.9206258,32.9135937,2.0,115.0,37
39.98353725,32.85950915,2.0,116.0,37
39.98353725,32.85950915,2.0,116.0,37
39.92992706,32.6477573,5.0,117.0,5
39.92992706,32.6477573,5.0,117.0,5
39.92992706,32.6477573,5.0,117.0,5
39.92992706,32.6477573,5.0,117.0,5
39.92992706,32.6477573,5.0,117.0,5
39.988795463636365,32.58499231818182,11.0,118.0,5
39.988795463636365,32.58499231818182,11.0,118.0,5
39.988795463636365,32.58499231818182,11.0,118.0,5
39.988795463636365,32.58499231818182,11.0,118.0,5
39.988795463636365,32.58499231818182,11.0,118.0,5
39.988795463636365,32.58499231818182,11.0,118.0,5
39.988795463636365,32.58499231818182,11.0,118.0,5
39.988795463636365,32.58499231818182,11.0,118.0,5
39.988795463636365,32.58499231818182,11.0,118.0,5
39.988795463636365,32.58499231818182,11.0,118.0,5
39.988795463636365,32.58499231818182,11.0,118.0,5
39.933711585714285,32.5936642,7.0,119.0,5
39.933711585714285,32.5936642,7.0,119.0,5
39.933711585714285,32.5936642,7.0,119.0,5
39.933711585714285,32.5936642,7.0,119.0,5
39.933711585714285,32.5936642,7.0,119.0,5
39.933711585714285,32.5936642,7.0,119.0,5
39.933711585714285,32.5936642,7.0,119.0,5
39.8908614,32.83511643333333,3.0,120.0,5
39.8908614,32.83511643333333,3.0,120.0,5
39.8908614,32.83511643333333,3.0,120.0,5
39.9962033,32.86268135,2.0,121.0,5
39.9962033,32.86268135,2.0,121.0,5
39.8640858,32.6499307,2.0,122.0,5
39.8640858,32.6499307,2.0,122.0,5
39.9935417,32.8827664,3.0,123.0,5
39.9935417,32.8827664,3.0,123.0,5
39.9935417,32.8827664,3.0,123.0,5
39.95074424666666,32.568031266666665,15.0,124.0,35
39.95074424666666,32.568031266666665,15.0,124.0,35
39.95074424666666,32.568031266666665,15.0,124.0,35
39.95074424666666,32.568031266666665,15.0,124.0,35
39.95074424666666,32.568031266666665,15.0,124.0,35
39.95074424666666,32.568031266666665,15.0,124.0,35
39.95074424666666,32.568031266666665,15.0,124.0,35
39.95074424666666,32.568031266666665,15.0,124.0,35
39.95074424666666,32.568031266666665,15.0,124.0,35
39.95074424666666,32.568031266666665,15.0,124.0,35
39.95074424666666,32.568031266666665,15.0,124.0,35
39.95074424666666,32.568031266666665,15.0,124.0,35
39.95074424666666,32.568031266666665,15.0,124.0,35
39.95074424666666,32.568031266666665,15.0,124.0,35
39.95074424666666,32.568031266666665,15.0,124.0,35
39.95409953529411,32.59306837647058,17.0,125.0,35
39.95409953529411,32.59306837647058,17.0,125.0,35
39.95409953529411,32.59306837647058,17.0,125.0,35
39.95409953529411,32.59306837647058,17.0,125.0,35
39.95409953529411,32.59306837647058,17.0,125.0,35
39.95409953529411,32.59306837647058,17.0,125.0,35
39.95409953529411,32.59306837647058,17.0,125.0,35
39.95409953529411,32.59306837647058,17.0,125.0,35
39.95409953529411,32.59306837647058,17.0,125.0,35
39.95409953529411,32.59306837647058,17.0,125.0,35
39.95409953529411,32.59306837647058,17.0,125.0,35
39.95409953529411,32.59306837647058,17.0,125.0,35
39.95409953529411,32.59306837647058,17.0,125.0,35
39.95409953529411,32.59306837647058,17.0,125.0,35
39.95409953529411,32.59306837647058,17.0,125.0,35
39.95409953529411,32.59306837647058,17.0,125.0,35
39.95409953529411,32.59306837647058,17.0,125.0,35
39.985232816666674,32.57074861666666,6.0,126.0,32
39.985232816666674,32.57074861666666,6.0,126.0,32
39.985232816666674,32.57074861666666,6.0,126.0,32
39.985232816666674,32.57074861666666,6.0,126.0,32
39.985232816666674,32.57074861666666,6.0,126.0,32
39.985232816666674,32.57074861666666,6.0,126.0,32
39.99223155000001,32.6110257,4.0,127.0,32
39.99223155000001,32.6110257,4.0,127.0,32
39.99223155000001,32.6110257,4.0,127.0,32
39.99223155000001,32.6110257,4.0,127.0,32
39.9533479,32.7969121,1.0,128.0,32
40.00493036666666,32.86039903333333,3.0,129.0,32
40.00493036666666,32.86039903333333,3.0,129.0,32
40.00493036666666,32.86039903333333,3.0,129.0,32
39.99712415,32.8137688,2.0,130.0,32
39.99712415,32.8137688,2.0,130.0,32
39.8451842,32.9212265,3.0,131.0,32
39.8451842,32.9212265,3.0,131.0,32
39.8451842,32.9212265,3.0,131.0,32
39.95537212222222,32.57900422222222,9.0,132.0,32
39.95537212222222,32.57900422222222,9.0,132.0,32
39.95537212222222,32.57900422222222,9.0,132.0,32
39.95537212222222,32.57900422222222,9.0,132.0,32
39.95537212222222,32.57900422222222,9.0,132.0,32
39.95537212222222,32.57900422222222,9.0,132.0,32
39.95537212222222,32.57900422222222,9.0,132.0,32
39.95537212222222,32.57900422222222,9.0,132.0,32
39.95537212222222,32.57900422222222,9.0,132.0,32
39.9133797,32.77177,4.0,133.0,32
39.9133797,32.77177,4.0,133.0,32
39.9133797,32.77177,4.0,133.0,32
39.9133797,32.77177,4.0,133.0,32
39.9894237,32.862098475,4.0,134.0,32
39.9894237,32.862098475,4.0,134.0,32
39.9894237,32.862098475,4.0,134.0,32
39.9894237,32.862098475,4.0,134.0,32
39.95543698,32.58651454666666,15.0,135.0,25
39.95543698,32.58651454666666,15.0,135.0,25
39.95543698,32.58651454666666,15.0,135.0,25
39.95543698,32.58651454666666,15.0,135.0,25
39.95543698,32.58651454666666,15.0,135.0,25
39.95543698,32.58651454666666,15.0,135.0,25
39.95543698,32.58651454666666,15.0,135.0,25
39.95543698,32.58651454666666,15.0,135.0,25
39.95543698,32.58651454666666,15.0,135.0,25
39.95543698,32.58651454666666,15.0,135.0,25
39.95543698,32.58651454666666,15.0,135.0,25
39.95543698,32.58651454666666,15.0,135.0,25
39.95543698,32.58651454666666,15.0,135.0,25
39.95543698,32.58651454666666,15.0,135.0,25
39.95543698,32.58651454666666,15.0,135.0,25
39.87528175,32.820540550000004,2.0,136.0,18
39.87528175,32.820540550000004,2.0,136.0,18
39.92583845,32.8483502,2.0,137.0,18
39.92583845,32.8483502,2.0,137.0,18
39.97876158,32.592247560000004,5.0,138.0,18
39.97876158,32.592247560000004,5.0,138.0,18
39.97876158,32.592247560000004,5.0,138.0,18
39.97876158,32.592247560000004,5.0,138.0,18
39.97876158,32.592247560000004,5.0,138.0,18
39.99887006666666,32.874591466666665,3.0,139.0,18
39.99887006666666,32.874591466666665,3.0,139.0,18
39.99887006666666,32.874591466666665,3.0,139.0,18
39.979967675,32.608444125,4.0,140.0,18
39.979967675,32.608444125,4.0,140.0,18
39.979967675,32.608444125,4.0,140.0,18
39.979967675,32.608444125,4.0,140.0,18
39.945849506896565,32.56687970689654,29.0,141.0,14
39.945849506896565,32.56687970689654,29.0,141.0,14
39.945849506896565,32.56687970689654,29.0,141.0,14
39.945849506896565,32.56687970689654,29.0,141.0,14
39.945849506896565,32.56687970689654,29.0,141.0,14
39.945849506896565,32.56687970689654,29.0,141.0,14
39.945849506896565,32.56687970689654,29.0,141.0,14
39.945849506896565,32.56687970689654,29.0,141.0,14
39.945849506896565,32.56687970689654,29.0,141.0,14
39.945849506896565,32.56687970689654,29.0,141.0,14
39.945849506896565,32.56687970689654,29.0,141.0,14
39.945849506896565,32.56687970689654,29.0,141.0,14
39.945849506896565,32.56687970689654,29.0,141.0,14
39.945849506896565,32.56687970689654,29.0,141.0,14
39.945849506896565,32.56687970689654,29.0,141.0,14
39.945849506896565,32.56687970689654,29.0,141.0,14
39.945849506896565,32.56687970689654,29.0,141.0,14
39.945849506896565,32.56687970689654,29.0,141.0,14
39.945849506896565,32.56687970689654,29.0,141.0,14
39.945849506896565,32.56687970689654,29.0,141.0,14
39.945849506896565,32.56687970689654,29.0,141.0,14
39.945849506896565,32.56687970689654,29.0,141.0,14
39.945849506896565,32.56687970689654,29.0,141.0,14
39.945849506896565,32.56687970689654,29.0,141.0,14
39.945849506896565,32.56687970689654,29.0,141.0,14
39.945849506896565,32.56687970689654,29.0,141.0,14
39.945849506896565,32.56687970689654,29.0,141.0,14
39.945849506896565,32.56687970689654,29.0,141.0,14
39.945849506896565,32.56687970689654,29.0,141.0,14
39.969716241666674,32.591059133333324,12.0,142.0,25
39.969716241666674,32.591059133333324,12.0,142.0,25
39.969716241666674,32.591059133333324,12.0,142.0,25
39.969716241666674,32.591059133333324,12.0,142.0,25
39.969716241666674,32.591059133333324,12.0,142.0,25
39.969716241666674,32.591059133333324,12.0,142.0,25
39.969716241666674,32.591059133333324,12.0,142.0,25
39.969716241666674,32.591059133333324,12.0,142.0,25
39.969716241666674,32.591059133333324,12.0,142.0,25
39.969716241666674,32.591059133333324,12.0,142.0,25
39.969716241666674,32.591059133333324,12.0,142.0,25
39.969716241666674,32.591059133333324,12.0,142.0,25
40.000215833333336,32.616295066666666,3.0,143.0,18
40.000215833333336,32.616295066666666,3.0,143.0,18
40.000215833333336,32.616295066666666,3.0,143.0,18
39.99079121999999,32.56044758,5.0,144.0,18
39.99079121999999,32.56044758,5.0,144.0,18
39.99079121999999,32.56044758,5.0,144.0,18
39.99079121999999,32.56044758,5.0,144.0,18
39.99079121999999,32.56044758,5.0,144.0,18
39.9487153,32.9013038,1.0,145.0,18
39.95160902,32.60885856,5.0,146.0,18
39.95160902,32.60885856,5.0,146.0,18
39.95160902,32.60885856,5.0,146.0,18
39.95160902,32.60885856,5.0,146.0,18
39.95160902,32.60885856,5.0,146.0,18
39.8815354,32.8680497,1.0,147.0,45
39.92783163333333,32.81447313333334,3.0,148.0,45
39.92783163333333,32.81447313333334,3.0,148.0,45
39.92783163333333,32.81447313333334,3.0,148.0,45
39.96537046666666,32.78593056666667,3.0,149.0,45
39.96537046666666,32.78593056666667,3.0,149.0,45
39.96537046666666,32.78593056666667,3.0,149.0,45
39.94550015714285,32.63208281428572,7.0,150.0,45
39.94550015714285,32.63208281428572,7.0,150.0,45
39.94550015714285,32.63208281428572,7.0,150.0,45
39.94550015714285,32.63208281428572,7.0,150.0,45
39.94550015714285,32.63208281428572,7.0,150.0,45
39.94550015714285,32.63208281428572,7.0,150.0,45
39.94550015714285,32.63208281428572,7.0,150.0,45
39.9401371,32.6631123,3.0,151.0,45
39.9401371,32.6631123,3.0,151.0,45
39.9401371,32.6631123,3.0,151.0,45
40.010691,32.90283305,2.0,152.0,45
40.010691,32.90283305,2.0,152.0,45
39.88055935,32.800464500000004,2.0,153.0,45
39.88055935,32.800464500000004,2.0,153.0,45
39.99845331666667,32.596833466666666,6.0,154.0,45
39.99845331666667,32.596833466666666,6.0,154.0,45
39.99845331666667,32.596833466666666,6.0,154.0,45
39.99845331666667,32.596833466666666,6.0,154.0,45
39.99845331666667,32.596833466666666,6.0,154.0,45
39.99845331666667,32.596833466666666,6.0,154.0,45
39.93451041666667,32.65238806666667,6.0,155.0,45
39.93451041666667,32.65238806666667,6.0,155.0,45
39.93451041666667,32.65238806666667,6.0,155.0,45
39.93451041666667,32.65238806666667,6.0,155.0,45
39.93451041666667,32.65238806666667,6.0,155.0,45
39.93451041666667,32.65238806666667,6.0,155.0,45
39.95966568421052,32.581971126315786,19.0,156.0,42
39.95966568421052,32.581971126315786,19.0,156.0,42
39.95966568421052,32.581971126315786,19.0,156.0,42
39.95966568421052,32.581971126315786,19.0,156.0,42
39.95966568421052,32.581971126315786,19.0,156.0,42
39.95966568421052,32.581971126315786,19.0,156.0,42
39.95966568421052,32.581971126315786,19.0,156.0,42
39.95966568421052,32.581971126315786,19.0,156.0,42
39.95966568421052,32.581971126315786,19.0,156.0,42
39.95966568421052,32.581971126315786,19.0,156.0,42
39.95966568421052,32.581971126315786,19.0,156.0,42
39.95966568421052,32.581971126315786,19.0,156.0,42
39.95966568421052,32.581971126315786,19.0,156.0,42
39.95966568421052,32.581971126315786,19.0,156.0,42
39.95966568421052,32.581971126315786,19.0,156.0,42
39.95966568421052,32.581971126315786,19.0,156.0,42
39.95966568421052,32.581971126315786,19.0,156.0,42
39.95966568421052,32.581971126315786,19.0,156.0,42
39.95966568421052,32.581971126315786,19.0,156.0,42
39.96237217777778,32.60299066666667,9.0,157.0,2
39.96237217777778,32.60299066666667,9.0,157.0,2
39.96237217777778,32.60299066666667,9.0,157.0,2
39.96237217777778,32.60299066666667,9.0,157.0,2
39.96237217777778,32.60299066666667,9.0,157.0,2
39.96237217777778,32.60299066666667,9.0,157.0,2
39.96237217777778,32.60299066666667,9.0,157.0,2
39.96237217777778,32.60299066666667,9.0,157.0,2
39.96237217777778,32.60299066666667,9.0,157.0,2
39.94143955,32.5665937,2.0,158.0,45
39.94143955,32.5665937,2.0,158.0,45
40.0183781,32.5118148,1.0,159.0,45
39.9907557,32.7953016,1.0,160.0,29
39.9796991,32.7079128,2.0,161.0,29
39.9796991,32.7079128,2.0,161.0,29
39.95271181538462,32.6314313076923,13.0,162.0,2
39.95271181538462,32.6314313076923,13.0,162.0,2
39.95271181538462,32.6314313076923,13.0,162.0,2
39.95271181538462,32.6314313076923,13.0,162.0,2
39.95271181538462,32.6314313076923,13.0,162.0,2
39.95271181538462,32.6314313076923,13.0,162.0,2
39.95271181538462,32.6314313076923,13.0,162.0,2
39.95271181538462,32.6314313076923,13.0,162.0,2
39.95271181538462,32.6314313076923,13.0,162.0,2
39.95271181538462,32.6314313076923,13.0,162.0,2
39.95271181538462,32.6314313076923,13.0,162.0,2
39.95271181538462,32.6314313076923,13.0,162.0,2
39.95271181538462,32.6314313076923,13.0,162.0,2
39.95009215714286,32.59065401428571,7.0,163.0,2
39.95009215714286,32.59065401428571,7.0,163.0,2
39.95009215714286,32.59065401428571,7.0,163.0,2
39.95009215714286,32.59065401428571,7.0,163.0,2
39.95009215714286,32.59065401428571,7.0,163.0,2
39.95009215714286,32.59065401428571,7.0,163.0,2
39.95009215714286,32.59065401428571,7.0,163.0,2
40.009266,32.8540183,4.0,164.0,29
40.009266,32.8540183,4.0,164.0,29
40.009266,32.8540183,4.0,164.0,29
40.009266,32.8540183,4.0,164.0,29
39.95028871111112,32.575082761111105,18.0,165.0,24
39.95028871111112,32.575082761111105,18.0,165.0,24
39.95028871111112,32.575082761111105,18.0,165.0,24
39.95028871111112,32.575082761111105,18.0,165.0,24
39.95028871111112,32.575082761111105,18.0,165.0,24
39.95028871111112,32.575082761111105,18.0,165.0,24
39.95028871111112,32.575082761111105,18.0,165.0,24
39.95028871111112,32.575082761111105,18.0,165.0,24
39.95028871111112,32.575082761111105,18.0,165.0,24
39.95028871111112,32.575082761111105,18.0,165.0,24
39.95028871111112,32.575082761111105,18.0,165.0,24
39.95028871111112,32.575082761111105,18.0,165.0,24
39.95028871111112,32.575082761111105,18.0,165.0,24
39.95028871111112,32.575082761111105,18.0,165.0,24
39.95028871111112,32.575082761111105,18.0,165.0,24
39.95028871111112,32.575082761111105,18.0,165.0,24
39.95028871111112,32.575082761111105,18.0,165.0,24
39.95028871111112,32.575082761111105,18.0,165.0,24
40.00073496666666,32.52847503333333,6.0,166.0,29
40.00073496666666,32.52847503333333,6.0,166.0,29
40.00073496666666,32.52847503333333,6.0,166.0,29
40.00073496666666,32.52847503333333,6.0,166.0,29
40.00073496666666,32.52847503333333,6.0,166.0,29
40.00073496666666,32.52847503333333,6.0,166.0,29
39.96737645,32.5839225625,8.0,167.0,29
39.96737645,32.5839225625,8.0,167.0,29
39.96737645,32.5839225625,8.0,167.0,29
39.96737645,32.5839225625,8.0,167.0,29
39.96737645,32.5839225625,8.0,167.0,29
39.96737645,32.5839225625,8.0,167.0,29
39.96737645,32.5839225625,8.0,167.0,29
39.96737645,32.5839225625,8.0,167.0,29
39.95555623529412,32.56928363529412,17.0,168.0,24
39.95555623529412,32.56928363529412,17.0,168.0,24
39.95555623529412,32.56928363529412,17.0,168.0,24
39.95555623529412,32.56928363529412,17.0,168.0,24
39.95555623529412,32.56928363529412,17.0,168.0,24
39.95555623529412,32.56928363529412,17.0,168.0,24
39.95555623529412,32.56928363529412,17.0,168.0,24
39.95555623529412,32.56928363529412,17.0,168.0,24
39.95555623529412,32.56928363529412,17.0,168.0,24
39.95555623529412,32.56928363529412,17.0,168.0,24
39.95555623529412,32.56928363529412,17.0,168.0,24
39.95555623529412,32.56928363529412,17.0,168.0,24
39.95555623529412,32.56928363529412,17.0,168.0,24
39.95555623529412,32.56928363529412,17.0,168.0,24
39.95555623529412,32.56928363529412,17.0,168.0,24
39.95555623529412,32.56928363529412,17.0,168.0,24
39.95555623529412,32.56928363529412,17.0,168.0,24
39.88099034999999,32.74948965,2.0,169.0,29
39.88099034999999,32.74948965,2.0,169.0,29
39.92794366666667,32.88695323333334,3.0,170.0,29
39.92794366666667,32.88695323333334,3.0,170.0,29
39.92794366666667,32.88695323333334,3.0,170.0,29
39.994041,32.99535,1.0,171.0,29
39.9753883,32.806539,2.0,172.0,29
39.9753883,32.806539,2.0,172.0,29
39.9352305,32.6597967,2.0,173.0,29
39.9352305,32.6597967,2.0,173.0,29
40.0190344,32.3107517,1.0,174.0,29
39.9603589,32.742676,1.0,175.0,49
40.08629699999999,33.1293689,1.0,176.0,49
39.8571568,32.7237843,3.0,177.0,49
39.8571568,32.7237843,3.0,177.0,49
39.8571568,32.7237843,3.0,177.0,49
40.0007021,32.8419879,2.0,178.0,49
40.0007021,32.8419879,2.0,178.0,49
39.7887308,32.8295055,1.0,179.0,49
39.9581957,32.9634852,1.0,180.0,49
39.975583066666665,32.832284666666666,3.0,181.0,49
39.975583066666665,32.832284666666666,3.0,181.0,49
39.975583066666665,32.832284666666666,3.0,181.0,49
39.96059522142857,32.57737962142857,14.0,182.0,7
39.96059522142857,32.57737962142857,14.0,182.0,7
39.96059522142857,32.57737962142857,14.0,182.0,7
39.96059522142857,32.57737962142857,14.0,182.0,7
39.96059522142857,32.57737962142857,14.0,182.0,7
39.96059522142857,32.57737962142857,14.0,182.0,7
39.96059522142857,32.57737962142857,14.0,182.0,7
39.96059522142857,32.57737962142857,14.0,182.0,7
39.96059522142857,32.57737962142857,14.0,182.0,7
39.96059522142857,32.57737962142857,14.0,182.0,7
39.96059522142857,32.57737962142857,14.0,182.0,7
39.96059522142857,32.57737962142857,14.0,182.0,7
39.96059522142857,32.57737962142857,14.0,182.0,7
39.96059522142857,32.57737962142857,14.0,182.0,7
39.8512298,32.6869315,1.0,183.0,49
40.0052869,32.50806755,2.0,184.0,49
40.0052869,32.50806755,2.0,184.0,49
39.8131225,32.5773121,1.0,185.0,49
39.94110886666667,32.605108300000005,3.0,186.0,49
39.94110886666667,32.605108300000005,3.0,186.0,49
39.94110886666667,32.605108300000005,3.0,186.0,49
39.91632686666667,32.85728443333333,3.0,187.0,49
39.91632686666667,32.85728443333333,3.0,187.0,49
39.91632686666667,32.85728443333333,3.0,187.0,49
40.0237957,32.85755635,2.0,188.0,49
40.0237957,32.85755635,2.0,188.0,49
40.0100994,32.6230376,1.0,189.0,49
39.85176455,32.85829795,2.0,190.0,12
39.85176455,32.85829795,2.0,190.0,12
39.36297,32.26464,1.0,191.0,12
39.96750780000001,32.8709502,2.0,192.0,12
39.96750780000001,32.8709502,2.0,192.0,12
39.9819781,32.6786008,3.0,193.0,12
39.9819781,32.6786008,3.0,193.0,12
39.9819781,32.6786008,3.0,193.0,12
39.92691175,32.8256521,2.0,194.0,12
39.92691175,32.8256521,2.0,194.0,12
39.90219226666667,32.7049867,3.0,195.0,12
39.90219226666667,32.7049867,3.0,195.0,12
39.90219226666667,32.7049867,3.0,195.0,12
39.9651506,32.9138078,1.0,196.0,12
39.99857633333334,32.60301018333333,6.0,197.0,12
39.99857633333334,32.60301018333333,6.0,197.0,12
39.99857633333334,32.60301018333333,6.0,197.0,12
39.99857633333334,32.60301018333333,6.0,197.0,12
39.99857633333334,32.60301018333333,6.0,197.0,12
39.99857633333334,32.60301018333333,6.0,197.0,12
39.99754415,32.8302691,2.0,198.0,12
39.99754415,32.8302691,2.0,198.0,12
39.9333635,32.85974190000001,15.0,199.0,34
39.9333635,32.85974190000001,15.0,199.0,34
39.9333635,32.85974190000001,15.0,199.0,34
39.9333635,32.85974190000001,15.0,199.0,34
39.9333635,32.85974190000001,15.0,199.0,34
39.9333635,32.85974190000001,15.0,199.0,34
39.9333635,32.85974190000001,15.0,199.0,34
39.9333635,32.85974190000001,15.0,199.0,34
39.9333635,32.85974190000001,15.0,199.0,34
39.9333635,32.85974190000001,15.0,199.0,34
39.9333635,32.85974190000001,15.0,199.0,34
39.9333635,32.85974190000001,15.0,199.0,34
39.9333635,32.85974190000001,15.0,199.0,34
39.9333635,32.85974190000001,15.0,199.0,34
39.9333635,32.85974190000001,15.0,199.0,34
39.976402,32.78000900000001,2.0,200.0,12
39.976402,32.78000900000001,2.0,200.0,12
39.897908566666665,32.867774000000004,3.0,201.0,12
39.897908566666665,32.867774000000004,3.0,201.0,12
39.897908566666665,32.867774000000004,3.0,201.0,12
39.9085881,32.8656558,1.0,202.0,12
39.9867988,32.7847733,1.0,203.0,12
39.8055024,32.5655549,1.0,204.0,21
39.95484570000001,32.5411368,1.0,205.0,21
39.91779895,32.82069165,2.0,206.0,21
39.91779895,32.82069165,2.0,206.0,21
39.9078083,32.9803895,2.0,207.0,21
39.9078083,32.9803895,2.0,207.0,21
39.97715159999999,32.559527200000005,2.0,208.0,21
39.97715159999999,32.559527200000005,2.0,208.0,21
39.9779282,32.933983,1.0,209.0,21
39.87839900000001,32.681737,1.0,210.0,21
39.96958115,32.94397335,2.0,211.0,21
39.96958115,32.94397335,2.0,211.0,21
39.94992353846154,32.63417533846154,13.0,212.0,39
39.94992353846154,32.63417533846154,13.0,212.0,39
39.94992353846154,32.63417533846154,13.0,212.0,39
39.94992353846154,32.63417533846154,13.0,212.0,39
39.94992353846154,32.63417533846154,13.0,212.0,39
39.94992353846154,32.63417533846154,13.0,212.0,39
39.94992353846154,32.63417533846154,13.0,212.0,39
39.94992353846154,32.63417533846154,13.0,212.0,39
39.94992353846154,32.63417533846154,13.0,212.0,39
39.94992353846154,32.63417533846154,13.0,212.0,39
39.94992353846154,32.63417533846154,13.0,212.0,39
39.94992353846154,32.63417533846154,13.0,212.0,39
39.94992353846154,32.63417533846154,13.0,212.0,39
39.8970734,32.691308,1.0,213.0,21
39.9025173,32.8057286,1.0,214.0,21
39.8139783,32.6560016,1.0,215.0,21
39.9633423,32.6136146,2.0,216.0,21
39.9633423,32.6136146,2.0,216.0,21
39.899684,32.9166357,1.0,217.0,21
39.9995568,32.5570715,1.0,218.0,21
40.0140001,32.8097661,1.0,219.0,41
39.8346129,32.6051351,4.0,220.0,41
39.8346129,32.6051351,4.0,220.0,41
39.8346129,32.6051351,4.0,220.0,41
39.8346129,32.6051351,4.0,220.0,41
40.0177473,32.3293179,1.0,221.0,41
39.9810406,32.66324,1.0,222.0,41
39.8570265,32.8314103,1.0,223.0,41
40.0129693,32.8732563,1.0,224.0,41
40.2107414,32.7724813,1.0,225.0,41
39.94401342500001,32.58615703125,16.0,226.0,40
39.94401342500001,32.58615703125,16.0,226.0,40
39.94401342500001,32.58615703125,16.0,226.0,40
39.94401342500001,32.58615703125,16.0,226.0,40
39.94401342500001,32.58615703125,16.0,226.0,40
39.94401342500001,32.58615703125,16.0,226.0,40
39.94401342500001,32.58615703125,16.0,226.0,40
39.94401342500001,32.58615703125,16.0,226.0,40
39.94401342500001,32.58615703125,16.0,226.0,40
39.94401342500001,32.58615703125,16.0,226.0,40
39.94401342500001,32.58615703125,16.0,226.0,40
39.94401342500001,32.58615703125,16.0,226.0,40
39.94401342500001,32.58615703125,16.0,226.0,40
39.94401342500001,32.58615703125,16.0,226.0,40
39.94401342500001,32.58615703125,16.0,226.0,40
39.94401342500001,32.58615703125,16.0,226.0,40
39.9753255,32.9096737,1.0,227.0,41
39.9724128,32.65899316666667,3.0,228.0,41
39.9724128,32.65899316666667,3.0,228.0,41
39.9724128,32.65899316666667,3.0,228.0,41
39.9787006,32.893918400000004,2.0,229.0,41
39.9787006,32.893918400000004,2.0,229.0,41
39.99517222,32.52337792,5.0,230.0,41
39.99517222,32.52337792,5.0,230.0,41
39.99517222,32.52337792,5.0,230.0,41
39.99517222,32.52337792,5.0,230.0,41
39.99517222,32.52337792,5.0,230.0,41
39.757964,32.653587,1.0,231.0,41
39.99442519999999,32.7233261,1.0,232.0,41
39.8813201,32.6983711,1.0,233.0,41
39.94603777,32.63673553,10.0,234.0,4
39.94603777,32.63673553,10.0,234.0,4
39.94603777,32.63673553,10.0,234.0,4
39.94603777,32.63673553,10.0,234.0,4
39.94603777,32.63673553,10.0,234.0,4
39.94603777,32.63673553,10.0,234.0,4
39.94603777,32.63673553,10.0,234.0,4
39.94603777,32.63673553,10.0,234.0,4
39.94603777,32.63673553,10.0,234.0,4
39.94603777,32.63673553,10.0,234.0,4
39.95745295,32.836019449999995,2.0,235.0,33
39.95745295,32.836019449999995,2.0,235.0,33
39.9862099,32.8023371,1.0,236.0,33
39.8612552,32.541087,1.0,237.0,33
39.9845954,32.6944347,1.0,238.0,33
39.997107766666666,32.8507308,3.0,239.0,33
39.997107766666666,32.8507308,3.0,239.0,33
39.997107766666666,32.8507308,3.0,239.0,33
39.9696488,32.95344765,2.0,240.0,33
39.9696488,32.95344765,2.0,240.0,33
39.9703578,32.7053834,1.0,241.0,33
39.9747719,32.6921729,1.0,242.0,33
39.984403533333335,32.6291144,3.0,243.0,33
39.984403533333335,32.6291144,3.0,243.0,33
39.984403533333335,32.6291144,3.0,243.0,33
39.99673315,32.6518223,2.0,244.0,33
39.99673315,32.6518223,2.0,244.0,33
39.936264725,32.613588225,4.0,245.0,33
39.936264725,32.613588225,4.0,245.0,33
39.936264725,32.613588225,4.0,245.0,33
39.936264725,32.613588225,4.0,245.0,33
40.0005267,32.9024466,1.0,246.0,33
39.8471994,32.5546271,1.0,247.0,33
39.97028406,32.57064080999999,10.0,248.0,15
39.97028406,32.57064080999999,10.0,248.0,15
39.97028406,32.57064080999999,10.0,248.0,15
39.97028406,32.57064080999999,10.0,248.0,15
39.97028406,32.57064080999999,10.0,248.0,15
39.97028406,32.57064080999999,10.0,248.0,15
39.97028406,32.57064080999999,10.0,248.0,15
39.97028406,32.57064080999999,10.0,248.0,15
39.97028406,32.57064080999999,10.0,248.0,15
39.97028406,32.57064080999999,10.0,248.0,15
39.947476375,32.586166675,8.0,249.0,15
39.947476375,32.586166675,8.0,249.0,15
39.947476375,32.586166675,8.0,249.0,15
39.947476375,32.586166675,8.0,249.0,15
39.947476375,32.586166675,8.0,249.0,15
39.947476375,32.586166675,8.0,249.0,15
39.947476375,32.586166675,8.0,249.0,15
39.947476375,32.586166675,8.0,249.0,15
39.974911925,32.62219085,4.0,250.0,15
39.974911925,32.62219085,4.0,250.0,15
39.974911925,32.62219085,4.0,250.0,15
39.974911925,32.62219085,4.0,250.0,15
40.03584535,32.766950300000005,2.0,251.0,15
40.03584535,32.766950300000005,2.0,251.0,15
39.985221475,32.563491462500004,8.0,252.0,15
39.985221475,32.563491462500004,8.0,252.0,15
39.985221475,32.563491462500004,8.0,252.0,15
39.985221475,32.563491462500004,8.0,252.0,15
39.985221475,32.563491462500004,8.0,252.0,15
39.985221475,32.563491462500004,8.0,252.0,15
39.985221475,32.563491462500004,8.0,252.0,15
39.985221475,32.563491462500004,8.0,252.0,15
39.94921625384615,32.627712800000005,13.0,253.0,15
39.94921625384615,32.627712800000005,13.0,253.0,15
39.94921625384615,32.627712800000005,13.0,253.0,15
39.94921625384615,32.627712800000005,13.0,253.0,15
39.94921625384615,32.627712800000005,13.0,253.0,15
39.94921625384615,32.627712800000005,13.0,253.0,15
39.94921625384615,32.627712800000005,13.0,253.0,15
39.94921625384615,32.627712800000005,13.0,253.0,15
39.94921625384615,32.627712800000005,13.0,253.0,15
39.94921625384615,32.627712800000005,13.0,253.0,15
39.94921625384615,32.627712800000005,13.0,253.0,15
39.94921625384615,32.627712800000005,13.0,253.0,15
39.94921625384615,32.627712800000005,13.0,253.0,15
39.974324,32.824171,1.0,254.0,52
40.075123,31.39928799999999,1.0,255.0,52
39.9603569,32.9749838,1.0,256.0,52
39.9287212,32.8766602,1.0,257.0,52
39.9790306,32.7211374,1.0,258.0,52
39.88983820000001,32.780086,1.0,259.0,52
39.994712,32.82313,1.0,260.0,52
39.9120322,32.9114296,1.0,261.0,52
39.9207034,32.8862487,1.0,262.0,52
39.9572589,32.6475256,1.0,263.0,52
39.9708711,32.8962847,1.0,264.0,52
40.002718666666674,32.61054793333333,3.0,265.0,52
40.002718666666674,32.61054793333333,3.0,265.0,52
40.002718666666674,32.61054793333333,3.0,265.0,52
39.94543761428572,32.57705597142858,7.0,266.0,52
39.94543761428572,32.57705597142858,7.0,266.0,52
39.94543761428572,32.57705597142858,7.0,266.0,52
39.94543761428572,32.57705597142858,7.0,266.0,52
39.94543761428572,32.57705597142858,7.0,266.0,52
39.94543761428572,32.57705597142858,7.0,266.0,52
39.94543761428572,32.57705597142858,7.0,266.0,52
39.9216611,32.8339143,1.0,267.0,52
39.938813,32.914519,1.0,268.0,8
39.8850339,32.6594463,1.0,269.0,8
39.96007703333333,32.58906585555556,9.0,270.0,44
39.96007703333333,32.58906585555556,9.0,270.0,44
39.96007703333333,32.58906585555556,9.0,270.0,44
39.96007703333333,32.58906585555556,9.0,270.0,44
39.96007703333333,32.58906585555556,9.0,270.0,44
39.96007703333333,32.58906585555556,9.0,270.0,44
39.96007703333333,32.58906585555556,9.0,270.0,44
39.96007703333333,32.58906585555556,9.0,270.0,44
39.96007703333333,32.58906585555556,9.0,270.0,44
39.97050725,32.5568121,2.0,271.0,8
39.97050725,32.5568121,2.0,271.0,8
39.9768007,32.953474,1.0,272.0,8
40.0025266,32.60053666666667,3.0,273.0,8
40.0025266,32.60053666666667,3.0,273.0,8
40.0025266,32.60053666666667,3.0,273.0,8
40.0160387,32.52330430000001,3.0,274.0,8
40.0160387,32.52330430000001,3.0,274.0,8
40.0160387,32.52330430000001,3.0,274.0,8
39.9516871,32.6656804625,8.0,275.0,44
39.9516871,32.6656804625,8.0,275.0,44
39.9516871,32.6656804625,8.0,275.0,44
39.9516871,32.6656804625,8.0,275.0,44
39.9516871,32.6656804625,8.0,275.0,44
39.9516871,32.6656804625,8.0,275.0,44
39.9516871,32.6656804625,8.0,275.0,44
39.9516871,32.6656804625,8.0,275.0,44
39.9893787,32.626792949999995,2.0,276.0,8
39.9893787,32.626792949999995,2.0,276.0,8
39.951985092307694,32.584016915384616,13.0,277.0,44
39.951985092307694,32.584016915384616,13.0,277.0,44
39.951985092307694,32.584016915384616,13.0,277.0,44
39.951985092307694,32.584016915384616,13.0,277.0,44
39.951985092307694,32.584016915384616,13.0,277.0,44
39.951985092307694,32.584016915384616,13.0,277.0,44
39.951985092307694,32.584016915384616,13.0,277.0,44
39.951985092307694,32.584016915384616,13.0,277.0,44
39.951985092307694,32.584016915384616,13.0,277.0,44
39.951985092307694,32.584016915384616,13.0,277.0,44
39.951985092307694,32.584016915384616,13.0,277.0,44
39.951985092307694,32.584016915384616,13.0,277.0,44
39.951985092307694,32.584016915384616,13.0,277.0,44
39.9940536,32.8407476,1.0,278.0,8
40.0099325,32.5011463,1.0,279.0,8
40.235164,32.68900900000001,1.0,280.0,48
39.98922743333333,32.5963925,3.0,281.0,48
39.98922743333333,32.5963925,3.0,281.0,48
39.98922743333333,32.5963925,3.0,281.0,48
39.983885650000005,32.850242800000004,2.0,282.0,48
39.983885650000005,32.850242800000004,2.0,282.0,48
39.9686111,32.6337101,1.0,283.0,48
39.9970888,32.8931454,1.0,284.0,48
39.9549107,32.8487361,1.0,285.0,48
39.958447,32.9380603,1.0,286.0,48
39.5776674,32.1476388,1.0,287.0,48
39.959307,32.790294,1.0,288.0,48
39.9157116,32.9219309,1.0,289.0,48
39.938647966666665,32.620943000000004,3.0,290.0,48
39.938647966666665,32.620943000000004,3.0,290.0,48
39.938647966666665,32.620943000000004,3.0,290.0,48
39.957323,32.8750852,1.0,291.0,48
39.7581016,32.8066164,1.0,292.0,48
39.9300463,32.6023084,1.0,293.0,48
39.9928663,32.7096666,1.0,294.0,1
39.9694776,32.6237705,1.0,295.0,1
39.9575834,32.8579616,1.0,296.0,1
40.0347414,32.564986,2.0,297.0,1
40.0347414,32.564986,2.0,297.0,1
39.9834176,32.64062545,2.0,298.0,1
39.9834176,32.64062545,2.0,298.0,1
39.8404768,32.5347516,1.0,299.0,1
39.88173,32.67303,1.0,300.0,1
40.0483827,32.8902354,1.0,301.0,1
40.00404592,32.87542791999999,5.0,302.0,1
40.00404592,32.87542791999999,5.0,302.0,1
40.00404592,32.87542791999999,5.0,302.0,1
40.00404592,32.87542791999999,5.0,302.0,1
40.00404592,32.87542791999999,5.0,302.0,1
39.8965922,32.848243,1.0,303.0,1
39.7208547,32.5259596,1.0,304.0,1
39.9692508,32.809725,1.0,305.0,1
39.90178825,32.854798849999995,2.0,306.0,1
39.90178825,32.854798849999995,2.0,306.0,1
39.814912,32.535393,1.0,307.0,1
39.97060949999999,32.935475,1.0,308.0,1
39.919984,32.873574,1.0,309.0,1
40.0394137,32.8454274,1.0,310.0,1
40.0043842375,32.516000437500004,8.0,311.0,11
40.0043842375,32.516000437500004,8.0,311.0,11
40.0043842375,32.516000437500004,8.0,311.0,11
40.0043842375,32.516000437500004,8.0,311.0,11
40.0043842375,32.516000437500004,8.0,311.0,11
40.0043842375,32.516000437500004,8.0,311.0,11
40.0043842375,32.516000437500004,8.0,311.0,11
40.0043842375,32.516000437500004,8.0,311.0,11
39.949195675,32.5601034,4.0,312.0,11
39.949195675,32.5601034,4.0,312.0,11
39.949195675,32.5601034,4.0,312.0,11
39.949195675,32.5601034,4.0,312.0,11
39.962029,32.81657,1.0,313.0,11
39.9394768,32.638663075,4.0,314.0,11
39.9394768,32.638663075,4.0,314.0,11
39.9394768,32.638663075,4.0,314.0,11
39.9394768,32.638663075,4.0,314.0,11
39.959185000000005,32.57314345714285,14.0,315.0,11
39.959185000000005,32.57314345714285,14.0,315.0,11
39.959185000000005,32.57314345714285,14.0,315.0,11
39.959185000000005,32.57314345714285,14.0,315.0,11
39.959185000000005,32.57314345714285,14.0,315.0,11
39.959185000000005,32.57314345714285,14.0,315.0,11
39.959185000000005,32.57314345714285,14.0,315.0,11
39.959185000000005,32.57314345714285,14.0,315.0,11
39.959185000000005,32.57314345714285,14.0,315.0,11
39.959185000000005,32.57314345714285,14.0,315.0,11
39.959185000000005,32.57314345714285,14.0,315.0,11
39.959185000000005,32.57314345714285,14.0,315.0,11
39.959185000000005,32.57314345714285,14.0,315.0,11
39.959185000000005,32.57314345714285,14.0,315.0,11
39.962468,32.6914019,1.0,316.0,47
39.9283075,32.5712101,1.0,317.0,47
39.9753268,32.7128421,1.0,318.0,47
39.890877,32.819762,1.0,319.0,47
39.5591011,33.1162071,1.0,320.0,47
39.9283587,32.5803981,1.0,321.0,47
39.8661732,32.6919158,1.0,322.0,47
40.0321634,32.8850429,1.0,323.0,47
39.98910926666667,32.84848753333333,3.0,324.0,47
39.98910926666667,32.84848753333333,3.0,324.0,47
39.98910926666667,32.84848753333333,3.0,324.0,47
39.95579705,32.7085703,2.0,325.0,47
39.95579705,32.7085703,2.0,325.0,47
39.94504796,32.59690468,5.0,326.0,47
39.94504796,32.59690468,5.0,326.0,47
39.94504796,32.59690468,5.0,326.0,47
39.94504796,32.59690468,5.0,326.0,47
39.94504796,32.59690468,5.0,326.0,47
39.9537675,32.7589733,1.0,327.0,47
40.0029489,32.8318264,1.0,328.0,19
39.9935491,32.5730527,2.0,329.0,19
39.9935491,32.5730527,2.0,329.0,19
39.99199,32.7317494,1.0,330.0,19
39.95848303636363,32.59793602727273,11.0,331.0,46
39.95848303636363,32.59793602727273,11.0,331.0,46
39.95848303636363,32.59793602727273,11.0,331.0,46
39.95848303636363,32.59793602727273,11.0,331.0,46
39.95848303636363,32.59793602727273,11.0,331.0,46
39.95848303636363,32.59793602727273,11.0,331.0,46
39.95848303636363,32.59793602727273,11.0,331.0,46
39.95848303636363,32.59793602727273,11.0,331.0,46
39.95848303636363,32.59793602727273,11.0,331.0,46
39.95848303636363,32.59793602727273,11.0,331.0,46
39.95848303636363,32.59793602727273,11.0,331.0,46
39.95896339999999,32.7167554,1.0,332.0,19
39.8870983,32.6362231,1.0,333.0,19
39.985794925,32.598757275,4.0,334.0,19
39.985794925,32.598757275,4.0,334.0,19
39.985794925,32.598757275,4.0,334.0,19
39.985794925,32.598757275,4.0,334.0,19
39.85444759999999,32.42407400000001,22.0,335.0,6
39.85444759999999,32.42407400000001,22.0,335.0,6
39.85444759999999,32.42407400000001,22.0,335.0,6
39.85444759999999,32.42407400000001,22.0,335.0,6
39.85444759999999,32.42407400000001,22.0,335.0,6
39.85444759999999,32.42407400000001,22.0,335.0,6
39.85444759999999,32.42407400000001,22.0,335.0,6
39.85444759999999,32.42407400000001,22.0,335.0,6
39.85444759999999,32.42407400000001,22.0,335.0,6
39.85444759999999,32.42407400000001,22.0,335.0,6
39.85444759999999,32.42407400000001,22.0,335.0,6
39.85444759999999,32.42407400000001,22.0,335.0,6
39.85444759999999,32.42407400000001,22.0,335.0,6
39.85444759999999,32.42407400000001,22.0,335.0,6
39.85444759999999,32.42407400000001,22.0,335.0,6
39.85444759999999,32.42407400000001,22.0,335.0,6
39.85444759999999,32.42407400000001,22.0,335.0,6
39.85444759999999,32.42407400000001,22.0,335.0,6
39.85444759999999,32.42407400000001,22.0,335.0,6
39.85444759999999,32.42407400000001,22.0,335.0,6
39.85444759999999,32.42407400000001,22.0,335.0,6
39.85444759999999,32.42407400000001,22.0,335.0,6
39.9724559,32.9608261,1.0,336.0,19
39.8350779,32.6998317,1.0,337.0,19
