latitude,longitude,bus_number
39.976736,32.562732,47
39.9773142,32.56137335,47
39.9893272,32.50898560000001,47
39.96920623846154,32.58810056923077,47
39.968236808333344,32.59628807500001,47
39.9781204,32.8951958,47
39.95267153333332,32.59919049166667,47
39.95599149655172,32.59417533448276,47
39.976736,32.562732,47
39.976736,32.562732,3
39.95579705,32.7085703,3
40.0051373,32.51864033333333,3
39.976736,32.562732,3
39.976736,32.562732,23
39.97555719,32.6109714,23
39.95195105833334,32.61052496666667,23
39.95187428333334,32.58401081666667,23
39.85444759999997,32.42407400000001,23
39.8970734,32.691308,23
39.8921541,32.7016155,23
39.9888112,32.84940705,23
39.997925825,32.87568705,23
39.9603589,32.742676,23
39.94397538,32.65210927333334,23
39.976736,32.562732,23
39.976736,32.562732,16
39.98236265714286,32.84518421428572,16
39.976736,32.562732,16
39.976736,32.562732,45
39.9548671125,32.56263095416667,45
39.971939124,32.575494332000005,45
39.976736,32.562732,45
39.976736,32.562732,17
40.000424933333335,32.52719588333333,17
39.984557466666665,32.6134337,17
39.94128713333333,32.61553481666667,17
39.8801783,32.67473835,17
39.9782679,32.7299384,17
39.99389486666667,32.86989726666666,17
39.989998475,32.861102275,17
39.97503606666667,32.83201913333333,17
39.976736,32.562732,17
39.976736,32.562732,6
39.94585164166666,32.59426478333333,6
39.991934066666666,32.804720466666666,6
39.9931643,32.6429933,6
39.976736,32.562732,6
39.976736,32.562732,14
39.99703735,32.51718746666666,14
40.013207342857136,32.534712657142855,14
39.97938499999999,32.60306326,14
39.99673315,32.6518223,14
39.936264725,32.613588225,14
39.93940383636363,32.593770354545455,14
39.95047803333334,32.590659966666664,14
39.95944426666667,32.574970604166666,14
39.976736,32.562732,14
39.976736,32.562732,52
39.96737196666666,32.58398408888889,52
39.96372655,32.5735374375,52
39.95524408666667,32.56902076000001,52
39.93159791818182,32.611344836363635,52
39.94744739090909,32.65460207272727,52
39.94516983,32.646743,52
39.976736,32.562732,52
39.976736,32.562732,27
39.96624706153846,32.60051030769231,27
39.9394262625,32.6539887125,27
39.976736,32.562732,27
39.976736,32.562732,24
39.98912468571429,32.57345106428571,24
40.00496268888889,32.53116658888889,24
40.0099325,32.5011463,24
39.95794663333333,32.556165433333334,24
39.95543834666667,32.58651461333333,24
39.96188608333333,32.726845383333334,24
39.976736,32.562732,24
39.976736,32.562732,19
39.8640858,32.6499307,19
39.976736,32.562732,19
39.976736,32.562732,32
39.941841415384616,32.644483715384624,32
39.950336452631575,32.57493505263158,32
39.976736,32.562732,32
39.976736,32.562732,25
40.01982444285714,32.52761785714286,25
39.98337614999999,32.57903435714286,25
39.97114950909091,32.58359701818182,25
39.954608175,32.61427448333333,25
39.95062209999999,32.5699486,25
39.8139783,32.6560016,25
39.88368405,32.798575549999995,25
40.00370818,32.87563014,25
39.976736,32.562732,25
39.976736,32.562732,42
39.93235344285714,32.6495986,42
39.976736,32.562732,42
39.976736,32.562732,1
39.94544285882355,32.58588997058823,1
39.96496201111111,32.5887873,1
39.976736,32.562732,1
39.976736,32.562732,28
39.99244723076924,32.58304352307692,28
39.96529553076924,32.59347034615384,28
39.94583434444445,32.566675944444434,28
39.93392911666667,32.59329371666667,28
39.93842635,32.6207694,28
39.9723801,32.655280366666666,28
39.932722175,32.8588101,28
39.9575834,32.8579616,28
39.9804743,32.79751745,28
40.0059462,32.64552453333334,28
39.976736,32.562732,28
39.976736,32.562732,35
39.999404266666666,32.63128686666666,35
39.975999425,32.631469075,35
39.93131681666667,32.61996201666667,35
39.976736,32.562732,35
39.976736,32.562732,20
39.944681825,32.576760766666666,20
39.976736,32.562732,20
39.976736,32.562732,13
39.99232462222222,32.56331205555556,13
40.015347187500005,32.526600475,13
39.99633815,32.582466475000004,13
39.9875836,32.58185843333333,13
39.9888858,32.65741979999999,13
39.958654645454544,32.598737254545455,13
39.95456066428572,32.573368228571425,13
39.83785335,32.535399,13
39.85176455,32.85829795,13
39.8752019,32.7084065,13
39.976736,32.562732,13
39.976736,32.562732,43
39.9518037625,32.664960975,43
39.9795935,32.61296525,43
39.976736,32.562732,43
39.976736,32.562732,51
39.99851714,32.59689628,51
39.9702661,32.63615715,51
39.96570485,32.789302150000005,51
39.94557703333333,32.6318813,51
39.9633423,32.6136146,51
39.95537165,32.604184700000005,51
39.95126228181818,32.56508008181818,51
39.95495738571429,32.57889674285714,51
39.95968834642857,32.59115514285714,51
39.976736,32.562732,51
39.976736,32.562732,34
39.98137786,32.6414407,34
40.02273260769231,32.52247526153846,34
39.976736,32.562732,34
39.976736,32.562732,4
39.95924881818182,32.56618978636363,4
40.0105421,32.51274293333333,4
40.01877629285714,32.53202920714286,4
39.98874203333333,32.587483516666666,4
39.973761,32.604385,4
39.991254700000006,32.61772306666666,4
39.97481528,32.644160680000006,4
39.99918,32.8920229,4
39.9512065375,32.6421758875,4
39.93204664,32.63577612,4
39.976736,32.562732,4
39.976736,32.562732,40
39.99335296666666,32.556245,40
40.0175307,32.53893105,40
39.97901426666666,32.59219686666666,40
39.976736,32.562732,40
39.976736,32.562732,38
39.9933038,32.575261600000005,38
39.9727601,32.616999675,38
39.94897649090908,32.62799852727273,38
39.9447982,32.8912256,38
39.93494526,32.65695212,38
39.976736,32.562732,38
39.976736,32.562732,12
39.97050725,32.5568121,12
39.97028523,32.57056719,12
39.95271181538462,32.6314313076923,12
39.9672597,32.6438754,12
39.9668566,32.65093055,12
39.957323,32.8750852,12
39.98745808,32.62709076,12
39.99861412499999,32.602426162499995,12
39.99358804166666,32.59440371666667,12
39.976736,32.562732,12
39.976736,32.562732,22
40.003933175,32.5239648,22
39.9853024375,32.563615625,22
39.9878509,32.598078380000004,22
39.94992338461539,32.63407273846154,22
39.94381903333333,32.603977566666664,22
39.8346129,32.6051351,22
39.88024660000001,32.69736880000001,22
39.9104081,32.7637933,22
40.008283383333335,32.84586936666667,22
39.8570265,32.8314103,22
39.976736,32.562732,22
39.976736,32.562732,2
40.00620223333333,32.50787173333333,2
40.00938478333334,32.52515066666666,2
39.94855549,32.619455310000006,2
39.939395350000005,32.63830245,2
39.95023605555556,32.647820833333334,2
39.94077795,32.66345345,2
39.9708711,32.8962847,2
39.9747719,32.6921729,2
40.002028125,32.611548175,2
39.999400566666665,32.61795453333333,2
39.976736,32.562732,2
39.976736,32.562732,18
39.99517222,32.52337792,18
39.976736,32.562732,18
39.976736,32.562732,44
39.95956176666666,32.582004866666665,44
39.98504274,32.56922076,44
40.01256501666667,32.5167982,44
40.0096212,32.6230276,44
39.9962033,32.86268135,44
39.9464777,32.66649764,44
39.94589556666666,32.60990183333334,44
39.9418175,32.56960162,44
39.976736,32.562732,44
39.976736,32.562732,30
39.93310043333333,32.89302596666666,30
39.9635309,32.57800412,30
39.976736,32.562732,30
39.976736,32.562732,39
40.01088726666667,32.53006376666667,39
39.9426598,32.5875379,39
39.9013082,32.6262258,39
39.94612580909091,32.636688945454544,39
39.9633488,32.6988147,39
39.9672677,32.7843182,39
39.9753883,32.806539,39
39.9287212,32.8766602,39
39.99712415,32.8137688,39
39.98119875,32.75571655,39
39.9920081,32.73174,39
39.9931767,32.61144186666667,39
39.976736,32.562732,39
39.976736,32.562732,8
39.92479055,32.89992175,8
39.976736,32.562732,8
39.976736,32.562732,48
40.0029586,32.60019455,48
40.0103366,32.6616518,48
39.962490075,32.602767175,48
39.933426075,32.64070205,48
39.85932255,32.64264395,48
39.96609765,32.8031725,48
39.8778105,32.8211999,48
39.9122078,32.8988819,48
39.94229735,32.89847605,48
40.00693308,32.868536240000005,48
40.01861995,32.8649978,48
39.991231975000005,32.8868511,48
39.976736,32.562732,48
39.976736,32.562732,50
39.97796505,32.816129325,50
39.976736,32.562732,50
39.976736,32.562732,26
39.94919745,32.560102,26
39.88861500000001,32.618486866666665,26
39.890877,32.819762,26
40.0005267,32.9024466,26
39.9206258,32.9135937,26
39.976736,32.562732,26
39.976736,32.562732,11
39.986385866666666,32.60742523333334,11
39.98143493333333,32.7081253,11
39.9750187,32.7121037,11
39.9718485,32.78737410000001,11
40.00882713333333,32.85411643333333,11
40.00322098,32.88499018,11
39.96962475,32.93905395,11
39.9505352,32.87942605,11
39.8451842,32.9212265,11
39.91602465,32.8565208,11
39.95155595,32.72432435,11
39.976736,32.562732,11
39.976736,32.562732,37
39.938024233333344,32.580746733333335,37
39.900561,32.6447001,37
39.7805245,32.7181375,37
39.90178825,32.854798849999995,37
39.91625415,32.9377748,37
39.9613084,32.93786634999999,37
40.0140001,32.8097661,37
40.037054366666666,32.767254400000006,37
39.9537675,32.7589733,37
39.9692508,32.809725,37
39.976736,32.562732,37
39.976736,32.562732,5
39.9798698,32.6239244,5
39.9300463,32.6023084,5
39.976736,32.562732,5
39.976736,32.562732,49
39.962468,32.6914019,49
39.9867988,32.7847733,49
39.997107766666666,32.8507308,49
39.95754495,32.793195600000004,49
39.91005733333333,32.869391799999995,49
39.9124056,33.0563914,49
39.889131,32.88623,49
39.8945662,32.7992532,49
39.976402,32.78000900000001,49
39.9790306,32.7211374,49
39.976736,32.562732,49
39.976736,32.562732,21
39.82813885,32.71525825,21
39.96996116666667,32.72975426666667,21
39.9928663,32.7096666,21
40.0136775,32.86302975,21
40.009903925,32.873510475,21
39.9743288,32.8520302,21
39.967378700000005,32.87189896666666,21
39.9120322,32.9114296,21
39.92711645,32.88721185,21
39.976736,32.562732,21
39.976736,32.562732,46
39.95745295,32.836019449999995,46
39.938947,32.8829176,46
39.999656075,32.840542675,46
39.976736,32.562732,46
39.976736,32.562732,31
40.01862623333333,32.5117187,31
40.0190344,32.3107517,31
39.9283587,32.5803981,31
39.966891366666665,32.658775133333336,31
39.9819781,32.6786008,31
39.99442519999999,32.7233261,31
40.01810283333333,32.85187236666667,31
39.98353725,32.85950915,31
39.9742659,32.9119703,31
39.8571568,32.7237843,31
39.9022497,32.7049775,31
39.9558759,32.72930905,31
39.9703578,32.7053834,31
39.976736,32.562732,31
39.976736,32.562732,9
39.95484570000001,32.5411368,9
39.9803596,32.6573743,9
39.9947425,32.8230541,9
39.976736,32.562732,9
39.976736,32.562732,0
40.01833,32.5499,0
40.0482492,32.8426355,0
40.0394137,32.8454274,0
40.0321634,32.8850429,0
39.97579505,32.88561125,0
39.9805101,32.8316829,0
39.9283075,32.5712101,0
39.8612552,32.541087,0
39.8055024,32.5655549,0
39.976736,32.562732,0
39.976736,32.562732,29
39.9995568,32.5570715,29
40.03098800000001,32.378292,29
39.8471994,32.5546271,29
39.9286299,32.644418466666664,29
39.9572589,32.6475256,29
39.88099034999999,32.74948965,29
39.8908614,32.83511643333333,29
39.90781295000001,32.98035815,29
39.9581957,32.9634852,29
40.010691,32.90283305,29
39.97611845,32.865589,29
39.99940463333333,32.82883796666667,29
40.0052411,32.8595814,29
39.976736,32.562732,29
39.976736,32.562732,33
40.0347414,32.564986,33
39.757964,32.653587,33
39.7521727,32.7674041,33
39.91775015,32.8206309,33
39.9235362,32.850263,33
40.03320679999999,32.850257,33
39.9462402,32.86206689999999,33
39.9198482,32.88284285,33
39.899684,32.9166357,33
39.9035674,32.96798615,33
39.9157116,32.9219309,33
39.976736,32.562732,33
39.976736,32.562732,41
39.967316,32.8593758,41
39.99322625,32.83940665,41
39.976736,32.562732,41
39.976736,32.562732,15
39.9819941,32.648696900000004,15
39.9907557,32.7953016,15
39.9862099,32.8023371,15
40.0244784,32.8563952,15
39.92713435,32.81390005,15
39.88522436666667,32.818320166666666,15
39.9025173,32.8057286,15
39.9651506,32.9138078,15
39.962029,32.81657,15
39.90660915,32.93167835,15
39.7887308,32.8295055,15
39.8965922,32.848243,15
39.976736,32.562732,15
39.976736,32.562732,7
39.88976325,32.68010635,7
39.8850339,32.6594463,7
39.731614,32.538925,7
39.8351161,32.6998107,7
39.8512298,32.6869315,7
39.8897009,32.7520139,7
39.88983820000001,32.780086,7
39.870567,32.816762,7
39.91856500000001,32.801918,7
39.9258475,32.8252262,7
39.9880919,32.8801831,7
39.8970259,32.87079500000001,7
39.88181609999999,32.8679062,7
39.976736,32.562732,7
39.976736,32.562732,36
40.0177946,32.3292369,36
40.0083059,32.5389911,36
39.9845954,32.6944347,36
40.0129334,32.740723,36
39.9549107,32.8487361,36
39.9780279,32.9253605,36
39.9724559,32.9608261,36
39.9060914,32.8750463,36
39.779293,32.505111,36
39.8131225,32.5773121,36
39.976736,32.562732,36
