pickup_point,latitude,longitude,employee_count,bus_number
0.0,39.96957353333333,32.59296700666666,15.0,10
1.0,39.9931198,32.56451815,6.0,47
2.0,39.9782679,32.7299384,3.0,47
3.0,39.966134525,32.65722795,4.0,47
4.0,39.944681825,32.576760766666666,12.0,10
5.0,40.0132222625,32.5149451,16.0,10
6.0,40.00937950833333,32.515922700000004,12.0,10
7.0,39.954148933333336,32.7284086,3.0,47
8.0,39.97800433333333,32.815264,3.0,47
9.0,40.00478494583333,32.51903100833333,24.0,20
10.0,39.98914713333334,32.88525426666667,3.0,47
11.0,39.9394262625,32.6539887125,8.0,47
12.0,39.95705768666666,32.568910890000005,30.0,41
13.0,39.947882876470594,32.64825172352941,17.0,44
14.0,39.91625415,32.9377748,2.0,27
15.0,39.88982654,32.83670184,5.0,27
16.0,39.96226885,32.727019750000004,6.0,27
17.0,39.997384257142855,32.51660621428572,7.0,27
18.0,39.98396176,32.8460587,5.0,27
19.0,39.964403,32.941173666666664,3.0,27
20.0,40.0059742,32.6458246,3.0,27
21.0,39.97387555,32.95285705,2.0,27
22.0,39.98584786,32.60965928,5.0,27
23.0,39.88492655,32.81935825,2.0,27
24.0,39.95794663333333,32.556165433333334,15.0,38
25.0,39.99435963,32.58143199,10.0,38
26.0,40.01910290526316,32.53081406315789,19.0,0
27.0,39.94184853076923,32.59239126923077,13.0,38
28.0,39.97150437,32.576907295,20.0,0
29.0,39.9122078,32.8988819,3.0,11
30.0,40.01625414,32.86590897999999,5.0,11
31.0,39.8921541,32.7016155,2.0,11
32.0,39.96017173636364,32.564993563636364,11.0,11
33.0,39.93494526,32.65695212,5.0,11
34.0,39.98505368,32.56506308,10.0,11
35.0,39.95754495,32.793195600000004,2.0,11
36.0,39.92479055,32.89992175,4.0,11
37.0,39.9726513,32.655692425000005,4.0,26
38.0,39.939457825000005,32.63867475000001,4.0,26
39.0,39.99870027777777,32.6016076,9.0,26
40.0,39.9461727,32.66599373333333,6.0,26
41.0,40.00205723333334,32.84286123333334,3.0,26
42.0,39.93110772857143,32.620158957142856,7.0,26
43.0,39.9706705,32.64135752,5.0,26
44.0,39.90660915,32.93167835,2.0,26
45.0,39.85932255,32.64264395,2.0,26
46.0,40.01442363333334,32.85887736666667,3.0,26
47.0,39.97190562222222,32.617052244444444,9.0,37
48.0,40.015470670000006,32.52631385000001,10.0,37
49.0,39.969354995833335,32.584929416666675,24.0,43
50.0,39.95857407222221,32.59498765555556,36.0,9
51.0,40.004603788888886,32.530611988888886,9.0,37
52.0,39.98143493333333,32.7081253,3.0,21
53.0,39.99177832,32.80479529,10.0,37
54.0,39.97611845,32.865589,2.0,21
55.0,39.95392757368421,32.61355102105264,19.0,29
56.0,39.9740534,32.853579266666664,3.0,21
57.0,39.97861145,32.893322975000004,4.0,21
58.0,39.92713435,32.81390005,2.0,21
59.0,39.98349334285714,32.57936535714286,14.0,29
60.0,40.0096198625,32.526204025,8.0,21
61.0,39.9935417,32.8827664,3.0,21
62.0,39.94487484375,32.654126174999995,16.0,4
63.0,39.99389486666667,32.86989726666666,3.0,21
64.0,39.95956176666666,32.582004866666665,18.0,4
65.0,39.951621325,32.5839528375,16.0,4
66.0,39.979730333333336,32.613371,6.0,22
67.0,39.98807416,32.5789595,5.0,22
68.0,39.95936572000001,32.589795073333335,15.0,4
69.0,40.0005273,32.615404125,4.0,22
70.0,39.97770886666667,32.599197216666674,6.0,22
71.0,39.9035674,32.96798615,2.0,22
72.0,40.00493036666666,32.86039903333333,3.0,22
73.0,39.94128713333333,32.61553481666667,6.0,22
74.0,40.00370818,32.87563014,5.0,22
75.0,39.93766613333333,32.59595456666667,3.0,32
76.0,39.9874707,32.627633575,4.0,32
77.0,39.945501416666666,32.63193411666666,6.0,32
78.0,39.9093811,32.8682118,2.0,32
79.0,39.95062209999999,32.5699486,7.0,32
80.0,39.9553882375,32.5787211,8.0,32
81.0,39.97099243749999,32.5714253125,16.0,18
82.0,39.98353725,32.85950915,2.0,32
83.0,39.8351161,32.6998107,1.0,32
84.0,39.95004905,32.8649994,2.0,32
85.0,39.98810035555555,32.572315966666665,9.0,32
86.0,40.00872716,32.84637868,5.0,7
87.0,39.9877516,32.6555383,2.0,7
88.0,39.966506638888895,32.599735149999994,18.0,18
89.0,39.93310043333333,32.89302596666666,3.0,7
90.0,39.9418175,32.56960162,5.0,7
91.0,39.9633488,32.6988147,2.0,7
92.0,40.00322098,32.88499018,5.0,7
93.0,39.88976325,32.68010635,2.0,7
94.0,39.9549107,32.8487361,1.0,7
95.0,39.942318150000006,32.898821575,4.0,7
96.0,39.9907043,32.61788305,4.0,7
97.0,39.95067156,32.64335495,10.0,33
98.0,39.94185078181818,32.64415264545455,11.0,33
99.0,39.99369677999999,32.59441156,10.0,33
100.0,39.96328739230769,32.57564196923077,13.0,33
101.0,39.97579505,32.88561125,2.0,40
102.0,39.90178825,32.854798849999995,2.0,40
103.0,39.91666505,32.85661545,4.0,40
104.0,39.94051986,32.6632926,5.0,40
105.0,39.88853593333334,32.61870366666667,3.0,40
106.0,39.98190975,32.8308081,2.0,40
107.0,39.9804743,32.79751745,2.0,40
108.0,39.95543834666667,32.58651461333333,15.0,23
109.0,39.978416575,32.644653925,8.0,23
110.0,39.94124383333334,32.58376453333333,3.0,40
111.0,39.93235344285714,32.6495986,7.0,23
112.0,39.9981344,32.892584150000005,2.0,2
113.0,39.970105625,32.72967045,4.0,2
114.0,39.9206258,32.9135937,2.0,2
115.0,39.9753883,32.806539,2.0,2
116.0,39.94675394285714,32.5958123,7.0,2
117.0,40.0083059,32.5389911,1.0,2
118.0,39.99673315,32.6518223,2.0,2
119.0,39.99809603333333,32.85058433333334,3.0,2
120.0,39.9962033,32.86268135,2.0,2
121.0,39.936264725,32.613588225,4.0,2
122.0,39.8640858,32.6499307,2.0,2
123.0,39.93391255714285,32.5936158,7.0,52
124.0,39.9286299,32.644418466666664,3.0,52
125.0,39.954915186956526,32.562619913043484,23.0,51
126.0,39.950300835,32.575040755,20.0,51
127.0,39.9931767,32.61144186666667,3.0,52
128.0,39.992496957142855,32.57463061428572,7.0,52
129.0,39.999404266666666,32.63128686666666,3.0,52
130.0,39.9525826095238,32.599357361904765,21.0,8
131.0,39.99204928333334,32.557900966666665,6.0,52
132.0,39.989556,32.86273343333334,3.0,52
133.0,39.94913933333333,32.62800160833334,12.0,28
134.0,39.95456066428572,32.573368228571425,14.0,28
135.0,39.95168705,32.6656809125,8.0,28
136.0,39.98896526666667,32.85494786666666,3.0,14
137.0,40.03477256666667,32.85061416666667,3.0,14
138.0,39.9623827,32.60299773333333,9.0,28
139.0,39.95712953333334,32.6022091,3.0,14
140.0,39.9988701,32.874591833333334,3.0,14
141.0,39.980594700000005,32.84557316666667,3.0,14
142.0,40.00071974,32.527682299999995,5.0,14
143.0,40.00334050000001,32.6097669,2.0,14
144.0,39.93842635,32.6207694,2.0,14
145.0,39.870567,32.816762,1.0,14
146.0,40.0187503,32.51167065,2.0,14
147.0,40.0025266,32.60053666666667,3.0,14
148.0,39.95745295,32.836019449999995,2.0,42
149.0,39.88983820000001,32.780086,1.0,42
150.0,39.87839900000001,32.681737,1.0,42
151.0,39.933389266666666,32.6408308,3.0,42
152.0,39.8965922,32.848243,1.0,42
153.0,39.991629083333336,32.585303849999995,6.0,42
154.0,39.95965651333333,32.57610587333333,15.0,48
155.0,40.010691,32.90283305,2.0,42
156.0,39.96468487692308,32.58968059230769,13.0,48
157.0,39.886608550000005,32.80070305,2.0,42
158.0,40.00693308,32.868536240000005,5.0,42
159.0,39.5591011,33.1162071,1.0,42
160.0,39.99712415,32.8137688,2.0,36
161.0,39.97715159999999,32.559527200000005,2.0,36
162.0,39.95271181538462,32.6314313076923,13.0,6
163.0,39.97503606666667,32.83201913333333,3.0,36
164.0,39.88055935,32.800464500000004,2.0,36
165.0,39.93128686666667,32.63547813333333,3.0,36
166.0,39.9695413,32.78575710000001,3.0,36
167.0,39.9124056,33.0563914,1.0,36
168.0,39.8471994,32.5546271,1.0,36
169.0,39.8571568,32.7237843,1.0,36
170.0,39.9537675,32.7589733,1.0,36
171.0,39.75705175,32.8088145,2.0,36
172.0,39.8976879,32.86852925000001,2.0,36
173.0,39.9013082,32.6262258,1.0,15
174.0,39.9603589,32.742676,1.0,15
175.0,39.36297,32.26464,1.0,15
176.0,39.96737866666667,32.871899033333335,3.0,15
177.0,39.945842588461545,32.566657034615375,26.0,19
178.0,39.974936,32.62993965,2.0,15
179.0,39.994041,32.99535,1.0,15
180.0,39.9893272,32.50898560000001,6.0,15
181.0,39.94589556666666,32.60990183333334,3.0,15
182.0,39.94612580909091,32.636688945454544,11.0,50
183.0,39.9703578,32.7053834,1.0,15
184.0,39.92793846666667,32.88691573333333,3.0,15
185.0,39.99442519999999,32.7233261,1.0,15
186.0,40.0244784,32.8563952,1.0,15
187.0,40.009675,32.872341066666664,3.0,31
188.0,39.83785335,32.535399,2.0,31
189.0,39.962029,32.81657,1.0,31
190.0,40.0096212,32.6230276,1.0,31
191.0,39.9443256,32.8145431,1.0,31
192.0,39.9025173,32.8057286,1.0,31
193.0,39.9819781,32.6786008,2.0,31
194.0,39.85176455,32.85829795,2.0,31
195.0,39.96646907333332,32.59461391333333,15.0,34
196.0,39.9505352,32.87942605,2.0,31
197.0,39.95430371538461,32.59340676153847,13.0,34
198.0,39.9022497,32.7049775,2.0,31
199.0,39.9976114,32.8303316,3.0,31
200.0,39.9995568,32.5570715,3.0,31
201.0,39.8512298,32.6869315,1.0,31
202.0,39.94381903333333,32.603977566666664,3.0,39
203.0,39.940015900000006,32.8880202,2.0,39
204.0,39.94992666923077,32.634178007692306,13.0,1
205.0,39.9867988,32.7847733,1.0,39
206.0,39.8055024,32.5655549,1.0,39
207.0,39.88024660000001,32.69736880000001,2.0,39
208.0,39.9079223,32.980424766666665,3.0,39
209.0,39.91775015,32.8206309,2.0,39
210.0,39.98119875,32.75571655,2.0,39
211.0,39.8945662,32.7992532,4.0,39
212.0,39.99322625,32.83940665,2.0,39
213.0,39.976402,32.78000900000001,2.0,39
214.0,39.96958115,32.94397335,2.0,39
215.0,39.8970734,32.691308,1.0,39
216.0,39.9633423,32.6136146,1.0,12
217.0,39.899684,32.9166357,1.0,12
218.0,40.0223421,32.5222786,10.0,45
219.0,39.94233157777777,32.64857374444445,9.0,45
220.0,39.9862099,32.8023371,1.0,12
221.0,39.82813885,32.71525825,2.0,12
222.0,39.94817303636364,32.619377863636366,11.0,45
223.0,40.2107414,32.7724813,1.0,12
224.0,39.9878509,32.598078380000004,5.0,12
225.0,39.9753255,32.9096737,1.0,12
226.0,39.9235362,32.850263,1.0,12
227.0,40.01364837777778,32.53470406666666,9.0,25
228.0,39.99517222,32.52337792,5.0,25
229.0,39.91856500000001,32.801918,2.0,25
230.0,39.98874203333333,32.587483516666666,6.0,25
231.0,39.8570265,32.8314103,1.0,25
232.0,39.93757189999999,32.8803594,1.0,25
233.0,39.8346129,32.6051351,5.0,25
234.0,39.9784584,32.6233067,2.0,25
235.0,39.895521,32.7287525,1.0,25
236.0,39.900561,32.6447001,1.0,25
237.0,40.0140001,32.8097661,1.0,46
238.0,39.967316,32.8593758,1.0,46
239.0,39.8451842,32.9212265,3.0,46
240.0,39.9803596,32.6573743,2.0,46
241.0,39.9747719,32.6921729,1.0,46
242.0,39.88866475,32.8890757,2.0,46
243.0,40.03098800000001,32.378292,1.0,46
244.0,39.9836941,32.69376615,2.0,46
245.0,39.9708711,32.8962847,1.0,46
246.0,39.8131225,32.5773121,1.0,46
247.0,39.9581957,32.9634852,2.0,46
248.0,39.96631396666667,32.8035568,3.0,46
249.0,39.92692865,32.825597,2.0,46
250.0,39.9779282,32.933983,1.0,46
251.0,40.03584535,32.766950300000005,2.0,46
252.0,39.9287212,32.8766602,1.0,46
253.0,39.97555719,32.6109714,10.0,5
254.0,39.94549523750001,32.58592912499999,16.0,5
255.0,40.075123,31.39928799999999,1.0,30
256.0,39.8897009,32.7520139,1.0,30
257.0,39.8815354,32.8680497,1.0,30
258.0,39.9120322,32.9114296,1.0,30
259.0,39.9207034,32.8862487,1.0,30
260.0,39.9572589,32.6475256,1.0,30
261.0,39.9931643,32.6429933,2.0,30
262.0,39.9947425,32.8230541,1.0,30
263.0,40.0177946,32.3292369,1.0,30
264.0,39.974324,32.824171,1.0,30
265.0,40.0321634,32.8850429,1.0,30
266.0,39.9555416,32.707474,1.0,30
267.0,39.9157116,32.9219309,1.0,30
268.0,39.97050725,32.5568121,2.0,30
269.0,39.8850339,32.6594463,1.0,30
270.0,39.949195675,32.5601034,4.0,30
271.0,39.85444759999998,32.42407400000001,31.0,17
272.0,39.8801783,32.67473835,2.0,30
273.0,39.9332126,32.85952265294119,17.0,24
274.0,39.98351,32.6494747,1.0,49
275.0,39.95126228181818,32.56508008181818,11.0,24
276.0,39.96537046666666,32.78593056666667,3.0,49
277.0,39.793394,32.806337,1.0,49
278.0,40.0005267,32.9024466,1.0,49
279.0,39.8139783,32.6560016,1.0,49
280.0,40.009266,32.8540183,4.0,49
281.0,40.0099325,32.5011463,1.0,49
282.0,40.0052698,32.50740245,2.0,49
283.0,39.8778105,32.8211999,1.0,49
284.0,39.95484570000001,32.5411368,1.0,49
285.0,39.9796736,32.591001,2.0,49
286.0,39.9314075,32.611194590909086,11.0,16
287.0,39.958447,32.9380603,1.0,49
288.0,39.88099034999999,32.74948965,2.0,49
289.0,39.896249,32.860667,1.0,49
290.0,39.5776674,32.1476388,1.0,3
291.0,39.8612552,32.541087,1.0,3
292.0,39.957323,32.8750852,1.0,3
293.0,39.7887308,32.8295055,1.0,3
294.0,39.9300463,32.6023084,2.0,3
295.0,39.9928663,32.7096666,1.0,3
296.0,39.585047,32.144701,1.0,3
297.0,39.94935866666667,32.653586100000005,3.0,3
298.0,39.95155821666666,32.60870906666667,6.0,3
299.0,40.0103366,32.6616518,1.0,3
300.0,39.9575834,32.8579616,1.0,3
301.0,39.9665578,32.7935168,1.0,3
302.0,39.9790306,32.7211374,1.0,3
303.0,40.0483827,32.8902354,1.0,3
304.0,39.8884403,32.7897809,1.0,3
305.0,39.7521756,32.7674915,1.0,3
306.0,39.97060949999999,32.935475,1.0,13
307.0,39.9753268,32.7128421,1.0,13
308.0,39.731614,32.538925,1.0,13
309.0,39.9835052,32.64030315,2.0,13
310.0,39.9698979,32.6342088,1.0,13
311.0,40.0394137,32.8454274,1.0,13
312.0,40.0347414,32.564986,2.0,13
313.0,39.9104081,32.7637933,2.0,13
314.0,39.95016653333334,32.59077595,6.0,13
315.0,40.0129334,32.740723,1.0,13
316.0,39.962468,32.6914019,1.0,13
317.0,39.9581808,32.7161295,1.0,13
318.0,39.9724559,32.9608261,1.0,13
319.0,39.973761,32.604385,1.0,13
320.0,39.890877,32.819762,1.0,35
321.0,39.9283075,32.5712101,2.0,35
322.0,39.9283587,32.5803981,1.0,35
323.0,39.9907557,32.7953016,1.0,35
324.0,39.98910926666667,32.84848753333333,3.0,35
325.0,39.8661732,32.6919158,1.0,35
326.0,39.9980789,32.59603746666667,3.0,35
327.0,39.9439402,32.89248715,2.0,35
328.0,39.9920054,32.7317414,1.0,35
329.0,39.9651506,32.9138078,1.0,35
330.0,39.9922129,32.6613215,1.0,35
331.0,40.0029489,32.8318264,1.0,35
332.0,39.9692508,32.809725,1.0,35
333.0,40.0175307,32.53893105,2.0,35
