id,latitude,longitude,cluster
10109441,39.9710743,32.5928911,142
10109489,39.9893272,32.5089856,89
10109529,39.969756,32.5895875,142
10109843,39.9560525,32.7096666,325
10109947,39.9511592,32.6021582,63
10110403,40.0066653,32.5214487,51
10110626,40.0061174,32.5201151,51
10110697,39.9781204,32.8951958,229
10110848,39.9571838,32.5927712,70
10111138,39.9757457,32.6107881,18
10111214,39.983716,32.84368,9
10111530,39.9799213,32.8428015,9
10111869,39.9898683,32.848795,324
10111994,39.9333635,32.8597419,199
10112460,39.9603589,32.742676,175
10208110,39.9504022,32.5847132,277
10208170,39.9513042,32.6079616,146
10208774,39.8931675,32.7051441,50
10208859,39.995093,32.8789727,123
10220018,39.8970734,32.691308,213
10220100,39.945644,32.651316,16
10221175,39.9566469,32.564087,76
10221316,39.9820027,32.7322439,61
10312896,40.075123,31.39928799999999,255
10313293,39.9928101,32.8664234,46
10313435,39.940028,32.613384,98
10314072,39.98484,32.613089,24
10314144,40.0006145,32.5283159,166
10315032,39.97282630000001,32.5751001,69
10315618,40.08629699999999,33.1293689,176
10321601,39.9889262,32.8634441,134
10322313,39.975372,32.829447,181
10430440,39.944826,32.5912661,77
10430956,40.0124163,32.5354262,57
10431335,39.9493109,32.5918845,163
10432242,39.9966092,32.6506446,244
10432344,39.9903073,32.8032156,19
10600068,39.9381175,32.6127011,245
10600071,39.9395625,32.5942241,14
10600073,39.9948516,32.6442256,82
10600083,39.9784129,32.6010689,26
10600107,39.9956708,32.5143028,25
10600114,39.9567532,32.5691188,168
10600270,39.9602168,32.5754383,182
10600274,39.96270940000001,32.5738825,73
10600312,39.9757457,32.6107881,18
10600413,39.88173,32.67303,300
10600452,39.9470669,32.6526134,16
10600489,39.9321525,32.6116598,72
10600496,39.968624,32.5837628,167
10600509,39.965323,32.602483,42
10600515,39.9478338,32.6460306,58
10600526,39.98956099999999,32.573737,86
10600537,39.968826,32.5855678,48
10600549,40.0064219,32.5297381,105
10600551,39.9382395,32.6528609,13
10600558,39.8650916,32.6475256,122
10600586,39.8544476,32.424074,335
10600623,39.955369,32.585911,135
10600638,39.9689387,32.5840658,167
10600659,39.9998245,32.5296615,166
10600661,39.9588076,32.5584854,11
10600666,40.0099325,32.5011463,279
10600669,39.9603049,32.7292568,8
10600670,39.982142,32.6154415,110
10600686,39.941553,32.64607240000001,101
10600690,39.9544174,32.6141887,103
10600705,39.9498166,32.5678319,124
10600708,39.9768007,32.953474,272
10600713,39.9321525,32.6116598,72
10600739,39.9745031,32.5780411,69
10600741,39.952131,32.61441,103
10600754,39.9579625,32.5727715,315
10600760,39.951319,32.574571,165
10600766,40.0193908,32.530486,12
10600767,39.970754,32.586766,48
10600776,39.8139783,32.6560016,215
10600780,39.880435,32.798862,153
10600786,39.9321525,32.6116598,72
10600795,39.9832323,32.5796924,85
10600805,39.9603049,32.7292568,8
10600809,39.9338638,32.650495,155
10600818,40.0037956,32.8737707,302
10600823,39.942969,32.589545,226
10600835,39.9601061,32.5819837,156
10600839,39.9646866,32.5885054,80
10600845,39.9374207,32.6191139,290
10600851,39.9771278,32.8313649,181
10600863,39.9639657,32.5965505,71
10600864,39.947115,32.5633904,141
10600873,39.933483,32.590671,119
10600898,39.974807,32.6098556,18
10600902,39.9575834,32.8579616,296
10600915,39.9694776,32.6237705,295
10600921,39.9730235,32.6596405,228
10600926,39.8544476,32.424074,335
10600927,39.8544476,32.424074,335
10600928,39.971756,32.577353,69
10600937,40.235164,32.68900900000001,280
10600944,40.0016266,32.6309063,35
10600948,39.9934663,32.8728712,46
10600950,39.971252,32.583827,48
10600952,39.9452152,32.5767201,266
10600962,39.9606269,32.5756219,182
10600963,39.9578046,32.5981375,331
10600964,39.976464,32.629898,28
10600968,39.9457152,32.649141,16
10600972,39.9805477,32.7957543,111
10600973,39.9931485,32.5811061,7
10600977,39.957759,32.594039,70
10600978,39.9757457,32.6107881,18
10600983,39.9893272,32.5089856,89
10600985,39.9749865,32.6254277,250
10600990,39.9671348,32.6010342,42
10600993,39.9541069,32.5874328,135
10600995,40.00648,32.6478783,33
10601005,40.0044718,32.5337412,105
10601016,39.9523716,32.5738236,109
10601023,39.950729,32.574854,165
10601028,40.0142057,32.5258491,112
10601029,39.9390912,32.6212902,290
10601033,40.0118708,32.5186223,27
10601036,39.9545377,32.573543,109
10601044,39.98649,32.5819798,118
10601047,39.8509856,32.8564017,190
10601052,39.814912,32.535393,307
10601053,39.99128330000001,32.5738023,86
10601054,39.8404768,32.5347516,299
10601068,39.8544476,32.424074,335
10601076,39.8544476,32.424074,335
10601084,39.9909739,32.661198,20
10601086,39.9445208,32.5961249,326
10601087,39.9888329,32.5824157,118
10601088,39.995803,32.585078,7
10601097,39.9333635,32.8597419,199
10601103,40.0043089,32.8620343,129
10601107,39.939917,32.6474367,54
10601115,39.9508398,32.6631968,275
10601122,39.9670865,32.5980683,56
10601123,39.9651807,32.7875853,149
10601133,39.97853509999999,32.615303,110
10601136,39.9479565,32.594358,77
10601137,39.9552746,32.5769091,132
10601140,39.9664543,32.5943725,71
10601141,39.99663,32.595565,154
10601160,39.976909,32.600673,26
10601162,39.982513,32.583628,85
10601167,39.9633423,32.6136146,216
10601218,39.954296,32.5748437,109
10601233,39.971167,32.5757795,69
10601266,39.9519131,32.5983982,63
10601291,39.9529301,32.5879291,135
10601306,39.95074,32.571685,124
10601312,39.9882959,32.5715365,86
10601313,39.9554698,32.6044957,83
10601314,39.9331183,32.5929946,119
10601327,39.95532,32.581316,132
10601331,39.9454681,32.6316309,150
10601332,39.9519995,32.564424,91
10601335,39.9536862,32.5840839,277
10601339,39.945328,32.5683826,141
10601345,39.9496374,32.5732128,165
10601350,39.98272619999999,32.6419486,298
10601351,39.9300799,32.648702,117
10601354,40.0168947,32.5217121,274
10601357,39.9547258,32.5641411,76
10601359,39.9680725,32.5874432,48
10601363,39.9513042,32.6079616,146
10601364,39.9490444,32.5944295,77
10601366,39.9706343,32.6381055,17
10601368,39.9718524,32.5845637,48
10601370,39.951398,32.570141,124
10601371,39.8544476,32.424074,335
10601376,39.9590813,32.5928166,70
10601377,39.9754552,32.6472337,43
10601383,39.9898211,32.6163328,60
10601397,39.934054,32.6137112,245
10601399,39.9840521,32.8421689,9
10601401,40.0179111,32.5347184,34
10601402,39.973761,32.604385,26
10601403,39.9494032,32.6421635,113
10601405,39.9448789,32.5955512,326
10601406,39.9488191,32.5918678,163
10601411,39.8571568,32.7237843,177
10601413,39.9938663,32.5561521,29
10601414,39.9338132,32.5955483,119
10601419,39.9656735,32.5840709,167
10601428,39.9591793,32.5682979,78
10601434,39.9691058,32.5874231,48
10601441,39.9786085,32.6456607,62
10601443,39.968552,32.598172,56
10601445,39.9573033,32.59129,70
10601451,40.012021,32.512003,5
10601452,39.9297884,32.6338239,49
10601453,39.947295,32.6562499,16
10601454,39.9810747,32.6062613,140
10601459,40.0008111,32.5324387,166
10601468,40.003445,32.529444,105
10601469,40.0165644,32.5402558,34
10601485,39.951987,32.6016822,63
10601490,39.9428298,32.6424051,101
10601491,39.9526395,32.582299,277
10601492,39.9796736,32.591001,138
10601494,39.965497,32.5737284,73
10601506,39.9721682,32.6141647,18
10601508,39.9471695,32.6261261,253
10601510,39.9447982,32.8912256,66
10601512,39.9529901,32.5621562,91
10601516,39.9931485,32.5811061,7
10601517,39.8544476,32.424074,335
10601519,39.9352899,32.6546339,155
10601522,39.9712346,32.5572164,271
10601525,39.950895,32.667566,275
10601530,39.9832323,32.5796924,85
10601532,39.9683658,32.5683826,248
10601539,39.9890531,32.618363,60
10601542,39.9471395,32.6480112,58
10601543,39.9581242,32.6006082,83
10601554,39.9591562,32.5768528,182
10601556,39.9896991,32.5867134,118
10601568,39.957323,32.8750852,291
10601569,39.9672597,32.6438754,17
10601570,39.9514959,32.6026909,63
10601571,39.9709327,32.5781618,69
10601574,39.9531964,32.5992437,63
10601576,39.948229,32.5943479,77
10601580,39.9992013,32.601776,197
10601583,39.9861069,32.5736932,126
10601593,39.9675065,32.5898615,142
10601602,39.95369549999999,32.6327306,162
10601612,40.0016626,32.6012209,273
10601613,39.9283587,32.5803981,321
10601615,39.963864,32.6525864,3
10601625,39.984108,32.599286,334
10601626,39.8544476,32.424074,335
10601629,39.9633344,32.5890764,80
10601637,39.9861069,32.5736932,126
10601640,39.9329629,32.6194926,84
10601643,39.994842,32.5167192,25
10601645,40.0092277,32.8439057,4
10601652,39.9426466,32.6045589,186
10601667,39.941127,32.618488,98
10601668,40.0047349,32.526925,105
10601676,39.9597148,32.5781877,182
10601683,39.9504032,32.6353151,212
10601684,40.0006145,32.5283159,166
10601692,39.9970057,32.5183452,25
10601695,39.9858914,32.5622349,252
10601697,39.9358634,32.6613661,173
10601698,39.987992,32.5863046,118
10601701,39.9862891,32.5988413,334
10601708,39.9938394,32.5563896,29
10601714,39.9667777,32.5991063,56
10601716,39.9387343,32.5975302,14
10601717,39.9626002,32.7243839,108
10601718,39.8813201,32.6983711,233
10601735,39.9683658,32.5683826,248
10601736,39.9133797,32.77177,133
10601737,39.9333635,32.8597419,199
10601742,39.9851785,32.5638553,252
10601743,40.0119902,32.5356719,57
10601744,39.9496835,32.6436971,113
10601746,39.970178,32.590635,142
10601750,39.93413750000001,32.6213448,84
10601755,40.0189527,32.5264676,12
10601756,39.8346129,32.6051351,220
10601765,39.9563271,32.5787513,132
10601766,39.8570265,32.8314103,223
10601773,39.9968571,32.653,244
10601774,39.9304412,32.6094753,72
10601777,39.94460060000001,32.5853469,226
10601780,39.9506252,32.6496231,58
10601787,39.9854297,32.6276903,243
10601792,39.9747719,32.6921729,242
10601797,39.9621759,32.5771927,182
10601798,39.9539702,32.5908733,125
10601799,39.954515,32.570158,168
10601800,39.9881321,32.5756189,86
10601801,39.942163,32.618569,98
10601802,39.9665578,32.7935168,44
10601803,39.9416287,32.638618,314
10601805,39.9460084,32.6505883,16
10601808,39.9576491,32.5876154,135
10601815,39.9874452,32.5811272,118
10601825,39.9466282,32.5853535,249
10601826,39.950835,32.570394,124
10601828,39.9639075,32.5948276,71
10601830,39.9561974,32.5604976,11
10601831,39.9564637,32.5728669,109
10601832,39.9404474,32.6623784,151
10601835,40.0094223,32.523286,75
10601836,39.9536846,32.6316713,162
10601837,39.9562319,32.5670792,168
10601839,39.951631,32.562682,91
10601840,39.9699685,32.5962835,56
10601843,39.9575098,32.5941972,70
10601844,39.9476347,32.5627457,141
10601845,39.9702614,32.5769513,69
10601847,39.9477433,32.6192672,88
10601848,39.9917908,32.5669466,2
10601852,39.939432,32.6224249,290
10601863,39.9597269,32.5992263,331
10601864,39.958215,32.5912113,70
10601870,39.947913,32.6280829,253
10601871,40.003073,32.611209,265
10601879,39.954908,32.6007778,63
10601880,39.9708711,32.8962847,264
10601885,39.9513042,32.6079616,146
10601887,40.000833,32.6178809,143
10601888,39.9594317,32.5705193,315
10601890,39.9672299,32.5956484,56
10601893,39.9596538,32.5924145,70
10601902,39.9943572,32.5244774,230
10601911,39.950547,32.574052,165
10601915,40.0125524,32.526352,112
10601923,39.9466116,32.5883937,249
10601925,39.9439706,32.593298,77
10601927,40.0100994,32.6230376,189
10601929,39.9950001,32.8600762,121
10601932,39.9532674,32.5980683,63
10601941,39.9723209,32.5757977,69
10601949,39.9886111,32.6258333,276
10601950,39.9593177,32.5770763,182
10601951,39.95133510000001,32.5916291,163
10601956,39.9501376,32.5897666,163
10601959,39.930956,32.8922219,106
10601962,39.9633423,32.6136146,216
10601964,39.8544476,32.424074,335
10601965,39.9432916,32.5988575,326
10601968,39.952156,32.6654214,275
10601972,40.0165792,32.5292654,12
10601977,39.9683658,32.5683826,248
10601982,39.954002,32.571808,109
10601984,39.9556475,32.5599523,11
10601985,39.946579,32.5795157,266
10601986,39.955407,32.5693849,168
10601989,39.985919,32.569888,126
10601990,39.954987,32.5925099,125
10601992,39.9574771,32.5680153,78
10601994,39.952369,32.665878,275
10601999,39.95637199999999,32.556665,11
10602003,39.9748236,32.6133994,18
10602005,39.9674942,32.5956784,56
10602012,39.9605755,32.5905151,270
10602014,39.9607299,32.5825031,156
10602015,39.9705223,32.9453138,211
10602016,39.9442505,32.6416537,101
10602017,39.939051,32.5911043,14
10602018,40.015192,32.534674,34
10602021,39.9854918,32.5676949,126
10602023,39.96130290000001,32.5670459,78
10602024,39.9537958,32.5697553,168
10602025,39.95912,32.575028,315
10602026,39.9737642,32.5770118,69
10602027,39.9364437,32.6139703,245
10602030,39.94648129999999,32.6083901,37
10602031,40.0100539,32.517094,27
10602032,39.964009,32.579413,182
10602034,39.9549739,32.5634657,76
10602039,39.9931485,32.5811061,7
10602040,39.9511592,32.6021582,63
10602042,39.9464309,32.597401,326
10602044,39.9632378,32.5751106,73
10602049,39.9920792,32.5615452,144
10602050,39.9456522,32.6565004,16
10602051,39.9495379,32.589022,163
10602052,39.957522,32.598179,331
10602054,39.9518937,32.5862929,277
10602055,39.9418002,32.645686,101
10602056,39.9462929,32.6646098,22
10602057,39.9446477,32.6634742,22
10602060,39.94460060000001,32.5853469,226
10602066,39.9532674,32.5980683,63
10602067,39.942714,32.5716775,96
10602070,39.951969,32.610368,146
10602073,39.956285,32.569713,168
10602077,39.9689425,32.5858998,48
10602078,39.9558411,32.59445170000001,70
10602080,39.965899,32.595536,71
10602081,39.9796314,32.7558631,107
10602084,39.9850026,32.5624696,252
10602085,40.0176914,32.533068,34
10602089,39.9539203,32.5788842,132
10602090,39.9948286,32.5649134,2
10602092,39.951301,32.5737499,165
10602093,39.947058,32.6206938,88
10602095,39.9761089,32.8060389,172
10602096,39.9829295,32.5777888,85
10602097,40.0125955,32.5138379,5
10602101,39.990576,32.560469,144
10602104,40.0045859,32.5090265,184
10602107,39.9545115,32.6107001,103
10602110,39.9300079,32.6096456,72
10602112,39.96030289999999,32.5993271,331
10602120,39.9506881,32.5911719,163
10602121,39.9731272,32.6208137,250
10602122,39.989935,32.5734165,86
10602130,39.9614026,32.73072860000001,8
10602136,39.9548233,32.6181579,103
10602148,39.9292138,32.6218507,84
10602150,39.9931485,32.5811061,7
10602152,39.9470062,32.6362231,234
10602157,39.9931485,32.5811061,7
10602164,39.9472697,32.6656197,22
10602167,39.9287212,32.8766602,257
10602183,39.9219293,32.9011169,21
10602186,39.9728547,32.6418745,17
10602188,39.96502770000001,32.7830574,149
10602191,39.9692933,32.5882542,48
10602197,40.009416,32.5181309,27
10602204,39.9588183,32.5898104,270
10602208,39.950317,32.6456517,58
10602226,39.9974065,32.8652865,121
10602231,39.9575657,32.5872852,135
10602232,39.9723539,32.5705549,248
10602234,39.9514045,32.5768982,165
10602235,39.9580916,32.5692887,78
10602239,39.9810747,32.6062613,140
10602247,39.9555847,32.5749205,109
10602253,39.9973106,32.8156088,130
10602275,40.00703000000001,32.520004,51
10602278,39.9407354,32.6456192,101
10602296,39.9661588,32.5926133,71
10602297,39.9428679,32.5717255,96
10602299,40.0204805,32.5344456,12
10602303,39.9708902,32.5697766,248
10602305,39.9435717,32.6169739,98
10602308,39.9432221,32.5894992,226
10602309,40.0077661,32.5125662,27
10602311,39.9692699,32.5807963,48
10602323,40.015192,32.534674,34
10602324,39.964673,32.7002908,94
10602334,39.95954,32.59723,331
10602336,39.96069490000001,32.5867944,270
10602337,39.9421708,32.6129512,98
10602338,40.0207538,32.5207201,65
10602342,39.952232,32.6328179,162
10602353,39.9169313,32.8588117,187
10602358,39.99199,32.7317494,330
10602359,39.96974910000001,32.6410577,17
10602376,39.95261600000001,32.584084,277
10602418,39.8881985,32.8919214,114
10602426,40.01350679999999,32.5149207,5
10602429,40.0087476,32.8488548,4
10602431,40.010361,32.53052,112
10602440,39.977047,32.622689,250
10602444,39.9510224,32.6340602,212
10602448,39.947879,32.562838,141
10602461,40.007321,32.522207,51
10602466,40.023113,32.8587175,188
10602473,39.9928118,32.6109648,127
10602504,40.0038935,32.6012031,273
10602506,39.9564635,32.5945703,70
10602516,39.9564637,32.5728669,109
10602519,40.0059879,32.5071086,184
10602522,39.9730273,32.57352650000001,69
10602533,39.933666,32.655048,155
10602541,39.960552,32.5571315,11
10602542,39.9584378,32.5656199,78
10602547,39.914296,32.9018556,59
10602549,39.9601878,32.7216181,108
10602552,39.9556768,32.5927842,125
10602555,39.9339194,32.5962445,119
10602572,40.0130815,32.5137836,5
10602576,39.961586,32.5822214,156
10602587,39.982125,32.845882,9
10602589,39.9705258,32.5988377,56
10602590,39.9395846,32.5932798,14
10602591,39.9981342,32.5965194,154
10602593,39.9931485,32.5811061,7
10602594,39.9561698,32.6120205,103
10602596,39.9581113,32.5869371,135
10602597,40.015192,32.534674,34
10602600,39.9428924,32.9012382,102
10602602,39.9548781,32.6139554,103
10602603,39.9313882,32.6488968,117
10602604,39.9577046,32.5960727,331
10602621,39.9797378,32.848036,9
10602624,39.9399448,32.6539684,13
10602625,39.9628363,32.6021795,157
10602635,39.9711261,32.5722497,248
10602636,39.97173069999999,32.57351,69
10602637,39.9343943,32.6385243,74
10602642,39.954186,32.56787,168
10602654,40.0074627,32.869054,67
10602657,39.9526392,32.613101,103
10602666,39.856407,32.643109,38
10602669,39.951865,32.8619688,41
10602690,39.8778105,32.8211999,136
10602692,40.01922690000001,32.8630649,30
10602693,39.9933036,32.5952415,99
10602700,39.945328,32.5683826,141
10602701,39.9970888,32.8931454,284
10602715,39.961122,32.582339,156
10602719,39.974324,32.824171,254
10602731,39.9488435,32.5866422,249
10602738,39.9430172,32.6460456,54
10602740,39.9876847,32.5945429,281
10602741,40.01058769999999,32.5195279,27
10602742,39.9575098,32.5941972,70
10602750,39.993805,32.6143882,127
10602751,39.9732647,32.575531,69
10602752,39.95142,32.58309,277
10602755,40.0037296,32.5183547,51
10602756,39.9845111,32.57708090000001,85
10602757,39.93944219999999,32.6533511,13
10602761,40.012621,32.51586,5
10602762,39.965903,32.787149,149
10602764,39.94460060000001,32.5853469,226
10602766,39.9728547,32.6418745,17
10602767,39.9591799,32.5729025,315
10602768,39.9890668,32.5867605,118
10602779,39.9133797,32.77177,133
10602782,40.0122971,32.5340635,57
10602787,39.945328,32.5683826,141
10602793,39.9533437,32.6306156,162
10602799,39.9321525,32.6116598,72
10602801,39.8911726,32.6175405,68
10602804,39.9941219,32.6205036,60
10602811,39.97173069999999,32.57351,69
10602819,39.9587718,32.5661688,78
10602822,39.95279499999999,32.573729,109
10602825,39.9604349,32.590441,270
10602832,39.9764108,32.5590397,208
10602838,39.9527366,32.5614277,91
10602860,39.954002,32.571808,109
10602861,40.0005267,32.9024466,246
10602862,39.9732448,32.6148441,18
10602864,39.964337,32.5923004,71
10602867,39.890877,32.819762,319
10602874,39.9410679,32.5911636,14
10602882,39.9433716,32.6492149,54
10602886,39.9397568,32.6370663,314
10602888,39.9718611,32.6153768,18
10602889,39.99035000000001,32.585764,118
10602893,39.9448896,32.6392246,234
10602913,39.9333635,32.8597419,199
10602916,39.947397,32.560539,312
10602923,39.9333635,32.8597419,199
10602924,40.0050675,32.5205763,51
10602942,39.9450389,32.6332919,150
10602951,39.94997300000001,32.560306,312
10602970,39.9186002,32.9154585,115
10602990,39.940028,32.613384,98
10602991,39.9663471,32.5925116,71
10602993,39.9422964,32.6550028,13
10603025,40.0029989,32.5299714,105
10603034,40.0078094,32.8690828,67
10603035,39.9423661,32.6545889,13
10603036,40.0140563,32.5118355,5
10603038,39.9559065,32.5961572,70
10603047,39.9494078,32.57571,165
10610750,40.0018462,32.5259042,166
10701705,39.8451842,32.9212265,131
10708349,39.9730235,32.6596405,228
10708985,39.9502953,32.6487105,58
10709777,39.9448433,32.9010015,102
10903709,39.9999464,32.5959481,154
10904089,39.9431504,32.6548506,13
10904316,39.86308,32.6523358,122
26000043,39.9513897,32.5661072,124
26000044,39.9498156,32.8774906,81
26000047,39.9361225,32.5913093,119
26000048,39.9794031,32.6006591,26
26000052,39.9581975,32.5944685,70
26000053,39.976131,32.815322,6
26000091,39.951715,32.567604,124
26000103,40.0026998,32.8822555,92
26000104,39.9629209,32.6047057,157
26000113,39.952758,32.5844568,277
26000114,39.948524,32.5834032,249
26000115,39.957202,32.5852806,135
26000116,40.0074931,32.5167538,27
26000117,39.95186349999999,32.6341141,212
26000121,39.9415892,32.6445405,101
26000124,39.954015,32.5862894,135
26000128,39.9504981,32.5832552,277
26000130,39.9753268,32.7128421,318
26000139,39.9790637,32.7096666,161
26000178,40.0210825,32.5198157,65
26000180,39.959264,32.581974,156
26000182,39.9519179,32.5821406,277
26000182,39.9522106,32.5824976,277
26000183,39.9580651,32.5836241,156
26000219,39.9510836,32.6474684,58
26000224,39.9452152,32.5767201,266
26000232,39.9709343,32.5715079,248
26000234,40.0079494,32.8543127,164
26000237,39.9596287,32.555301,11
26000245,39.9461392,32.5789041,266
26000247,39.9463381,32.5647306,141
26000248,39.9429136,32.5889868,226
26000250,39.9906774,32.8870725,15
26000264,39.9459319,32.6340241,150
26000268,39.9461062,32.567413,141
26000271,40.0177107,32.52823,12
26000273,39.9709701,32.6157054,18
26000275,39.9462355,32.6308769,150
26000285,39.950198,32.5645219,124
26000299,39.9481961,32.65003670000001,58
26000301,39.97060949999999,32.935475,308
26000316,39.9509566,32.6457479,58
26000321,39.9708232,32.5941336,142
26000322,39.9657618,32.5983477,56
26000327,39.9602929,32.5559411,11
26000448,39.97173069999999,32.57351,69
26000456,40.000699,32.526214,166
26000462,39.97065389999999,32.5969907,56
26000508,39.9660589,32.5888145,80
26000511,39.8544476,32.424074,335
26000520,40.0240343,32.5231308,65
26000572,39.9911547,32.6093749,127
26000721,39.9632919,32.5736678,73
26000801,39.9635401,32.5946452,71
26000802,39.9537648,32.5979208,63
26000805,39.954293,32.572107,109
26000811,39.9409673,32.6448904,101
26000816,39.9583197,32.5987498,331
26000825,40.001475,32.61211,265
26000859,39.9467339,32.5682815,141
26000874,39.9510453,32.646729,58
26000878,40.007935,32.525855,75
26000932,39.9485977,32.5651357,124
26000933,39.947034,32.655581,16
26000935,39.9570319,32.5808066,156
26000937,39.952109,32.6125001,103
26000952,39.968395,32.594275,56
26001371,39.9498026,32.6315864,212
26001379,39.9585801,32.5945101,70
26001380,39.9511314,32.5702275,124
26001545,39.9467596,32.6377497,234
26001851,39.9532674,32.5980683,63
26001852,39.9174318,32.8552056,187
26001867,39.963291,32.590537,80
26002047,39.9578215,32.5969138,331
26002049,39.9619798,32.5781866,182
26002051,39.9718156,32.787346,95
26002183,39.9620246,32.6973386,94
26002189,39.941876,32.5850818,226
26002190,39.9706574,32.5829999,48
26002218,39.9496091,32.6158006,88
26002385,39.950695,32.7266077,53
26002812,39.950729,32.574854,165
26002815,39.964247,32.5892211,80
26002924,39.9410266,32.5652718,158
26003058,39.99326689999999,32.5633523,2
26003069,39.956077,32.616545,103
26003074,39.9530669,32.5860191,135
26003320,39.9546515,32.5722184,109
26003324,39.9467177,32.6547194,16
26003325,39.9707719,32.57641,69
26003328,39.950171,32.559246,312
26003332,39.9681308,32.5941917,56
26003605,39.9532674,32.5980683,63
26003820,40.0240343,32.5231308,65
26003952,39.944273,32.6357736,234
26004138,39.99132590000001,32.8562088,93
26004153,39.9490365,32.634093,212
26005104,39.9890268,32.8601936,134
26005587,39.9012537,32.8552056,306
26005961,39.9829295,32.5777889,85
26005995,39.983283,32.56829,126
26005996,39.9321525,32.6116598,72
26005998,39.9533121,32.612374,103
26006001,39.9461369,32.6459654,58
26006011,40.0149103,32.5172847,5
26006012,39.7581016,32.8066164,292
26006021,39.9671067,32.6008267,42
26006029,39.960918,32.577196,182
26006030,39.978543,32.600701,26
26006034,40.0204805,32.5344456,12
26006036,39.9556311,32.573568,109
26006037,39.9333635,32.8597419,199
26006038,39.9596515,32.5825473,156
26006040,39.9573239,32.5774868,132
26006042,40.008528,32.516564,27
26006043,39.998078,32.872488,139
26006054,39.9526755,32.6286592,162
26006058,39.957157,32.5824594,156
26006060,40.0140001,32.8097661,219
26006063,39.9833053,32.82994060000001,45
26006064,39.9484759,32.6358015,212
26006068,39.9446477,32.6634742,22
26006069,40.0349746,32.7675086,251
26006076,39.9697799,32.5564078,271
26006078,39.8870983,32.6362231,333
26006081,40.015192,32.534674,34
26006083,39.9537675,32.7589733,327
26006088,40.0079494,32.8543127,164
26006093,39.9490878,32.5736171,165
26006408,39.9492745,32.6545889,16
26006432,39.953012,32.665073,275
26006461,40.0048884,32.5205589,51
26006550,40.0066653,32.5214487,51
26006591,40.018013,32.8669307,30
26006592,39.941619,32.604182,186
26006794,39.99087100000001,32.585988,118
26006801,39.9133797,32.77177,133
26006805,39.9165894,32.9416436,31
26007311,39.9592238,32.5804268,156
26007314,39.9648963,32.5922186,71
26007317,39.8544476,32.424074,335
26007318,39.9338132,32.5955483,119
26007319,39.995496,32.563134,2
26007328,39.994164,32.592835,99
26007329,39.9610242,32.5883996,270
26008300,39.9641698,32.9376724,10
26008302,39.9664053,32.5968945,56
26008304,39.946815,32.6199168,88
26008305,39.98474090000001,32.5793423,85
26008436,39.9586145,32.561965,76
26008438,39.985886,32.561653,252
26008439,39.9345607,32.8942785,106
26009022,39.9307733,32.6118157,72
26009024,40.0088896,32.5253362,75
26009277,39.9746677,32.8070391,172
26009280,39.9633773,32.9460116,10
26009282,39.9601543,32.5716584,315
26009285,39.9893272,32.5089856,89
26009288,39.9947658,32.59436,99
26009292,39.9458404,32.6501483,16
26009298,39.9352297,32.6557515,155
26009299,39.9608511,32.5886134,270
26009321,40.00753,32.8679879,67
26009329,39.9598883,32.5746635,315
26009330,39.9521305,32.5646968,91
26009434,39.945856,32.567851,141
26009445,39.9961911,32.6021775,197
26009449,39.9692508,32.809725,305
26009455,39.9619745,32.5721707,73
26009457,39.9586438,32.5659954,78
26010037,39.9596538,32.5924145,70
26010044,39.9691238,32.5842617,167
26011916,39.9798698,32.6239244,28
26011982,39.9672554,32.8012425,44
26013552,39.9457094,32.6519493,16
26013744,39.9820852,32.6303948,243
26015779,39.949527,32.6515805,16
26015787,39.9919867,32.5602087,144
26016754,39.9435706,32.6348369,234
26016755,40.0096889,32.8451159,4
26016756,39.940644,32.663824,151
26016757,40.0483827,32.8902354,301
26016940,39.9312872,32.612238,72
26017161,39.9617613,32.5656017,78
26017162,39.9333635,32.8597419,199
26017163,40.006983,32.5196557,51
26017164,39.9505101,32.5650689,124
26017687,39.948291,32.6061442,37
26018471,39.895584,32.801353,52
26018472,39.9803189,32.6437352,62
26019444,39.9532674,32.5980683,63
26019446,39.9533396,32.6293114,162
26019448,39.9443941,32.6295853,150
26019456,40.0095236,32.5159537,27
26019466,39.8661732,32.6919158,322
26019469,39.963529,32.5952925,71
26019471,39.8544476,32.424074,335
26019475,39.94151129999999,32.6513947,54
26019478,39.962468,32.6914019,316
26019478,39.9614108,32.6019804,157
26019479,39.959307,32.790294,288
26019481,39.9404377,32.5713155,96
26019482,40.013601,32.5167824,5
26019484,39.9461176,32.5965888,326
26019489,39.95846400000001,32.578251,182
26019490,39.997158,32.6343909,35
26019491,39.9980052,32.8493458,239
26019494,39.9832323,32.5796924,85
26019496,39.9890668,32.5867605,118
26019500,39.9492745,32.6545889,16
26019503,39.94460060000001,32.5853469,226
26019506,40.015192,32.534674,34
26019512,40.018497,32.5376063,34
26019513,39.8544476,32.424074,335
26019514,39.9867988,32.7847733,203
26019517,39.9564826,32.5711254,168
26019518,39.9957634,32.5217792,230
26019523,39.975425,32.780078,200
26019526,39.9487153,32.9013038,145
26019529,39.9896401,32.5620219,144
26019530,39.9345976,32.6582273,173
26019536,39.955488,32.555133,11
26019537,39.9534848,32.5916809,125
26019540,39.9935569,32.52463360000001,230
26019542,39.9128939,32.9000904,59
26019544,39.9911547,32.6093749,127
26019548,40.0020237,32.599186,273
26019557,39.8983499,32.8662635,201
26019558,40.017814,32.53091,12
26019560,39.889131,32.88623,114
26019562,39.96574,32.5877946,80
26019563,39.9790306,32.7211374,258
26019565,39.9987679,32.5979454,154
26019566,40.0129693,32.8732563,224
26019570,39.9466282,32.5853535,249
26019571,40.0092739,32.5125585,27
26019573,39.9120322,32.9114296,261
26019574,39.9594256,32.55621,11
26019575,39.9506255,32.6446663,113
26019577,39.9300463,32.6023084,293
26019580,39.969756,32.5895875,142
26019586,39.9459969,32.6455481,58
26019590,39.95157349999999,32.6017342,63
26019597,40.0122971,32.5340635,57
26019599,40.0025255,32.5180733,51
26019605,39.949385,32.6258849,253
26022627,39.9437452,32.5918366,77
26022633,39.9559585,32.568979,168
26022634,39.960764,32.577421,182
26022635,39.94460060000001,32.5853469,226
26023163,39.9635482,32.5742938,73
26023174,39.9803345,32.706159,161
26023180,39.9764592,32.8537082,39
26023181,39.9568021,32.5942132,70
26023194,39.97789239999999,32.5600147,208
26023204,39.9506906,32.6206516,88
26023208,39.9928663,32.7096666,294
26023212,39.9476123,32.6340945,212
26023216,39.9410679,32.5911636,14
26023217,39.95896339999999,32.7167554,332
26023229,39.9521098,32.6351883,212
26023236,39.9588076,32.5584854,11
26023249,39.9417531,32.6491313,54
26023265,39.9408672,32.6562027,13
26023288,39.9794537,32.6010518,26
26023293,39.9956708,32.5143028,25
26023296,39.948519,32.587258,249
26024475,39.9471915,32.6031918,37
26025532,39.9402792,32.8855128,36
26026458,40.015399,32.8659899,30
26026459,39.90936749999999,32.9001397,59
26026463,39.947089,32.621151,88
26026467,39.9861077,32.6056248,24
26026473,39.9998449,32.5201421,25
26026712,40.0104314,32.5189067,27
26027500,39.9525541,32.6318509,162
26027573,39.9529515,32.57649480000001,165
26027583,39.8346129,32.6051351,220
26027591,39.9508991,32.6480132,58
26027613,40.0113643,32.5245904,75
26027681,40.0084127,32.8705849,67
26027686,39.959338,32.5722464,315
26027714,39.947559,32.666821,22
26027804,39.95049179999999,32.5709683,124
26027805,39.967574,32.785575,95
26027940,39.9576462,32.5860068,135
26028036,39.9905594,32.8098316,19
26028045,39.9387068,32.6509605,13
26028172,39.9696099,32.731561,97
26028465,40.014186,32.860376,55
26028609,39.94460060000001,32.5853469,226
26028890,40.017814,32.53091,12
26030144,39.82721470000001,32.7129711,87
26031001,39.9587249,32.8360589,235
26031004,39.9637818,32.5931301,71
26031007,39.949152,32.5747799,165
26031008,39.9499853,32.5725341,165
26031011,39.9796736,32.591001,138
26031012,39.999767,32.839494,178
26031014,39.927669,32.888539,170
26031015,39.9906018,32.617035,60
26031022,39.9606412,32.5889406,270
26031024,39.9266926,32.9000904,21
26031113,39.9470062,32.6362231,234
26031188,39.95868280000001,32.5911481,70
26031856,39.9492745,32.6545889,16
26031966,39.99442519999999,32.7233261,232
26032001,39.9804009,32.7992806,111
26032009,39.949622,32.575695,165
26032683,39.9521635,32.61004,146
26033235,40.0101875,32.5183752,27
26033259,39.945328,32.5683826,141
26033341,39.9678396,32.5916749,142
26033630,40.0052411,32.8595814,129
26034041,39.969756,32.5895875,142
26034043,39.958249,32.566287,78
26034065,39.951307,32.6390268,113
26034076,39.9917766,32.8065936,19
26034087,40.0206264,32.5318241,12
26034103,39.950797,32.562028,91
26034108,39.9719811,32.5747052,69
26034117,39.9539955,32.5629179,91
26035871,39.96639160000001,32.8693394,192
26035881,39.9146175,32.857836,187
26035884,39.9931485,32.5811061,7
26035887,40.0104398,32.5285105,112
26035921,39.9924265,32.5855518,7
26035937,39.902422,32.7049499,195
26035945,40.0023812,32.8701312,67
26036725,40.009169,32.5131686,27
26037040,39.9457622,32.637498,234
26037046,40.0181863,32.5305792,12
26037052,39.9527749,32.5941459,125
26037089,39.95484570000001,32.5411368,205
26037091,39.9538035,32.61155919999999,103
26037275,39.8936286,32.8013968,52
26037972,39.9709226,32.5722441,248
26038690,39.967231,32.596607,56
26039870,39.9811296,32.655348,64
26040371,39.9819781,32.6786008,193
26044414,39.9876529,32.8564692,93
26044419,40.0030176,32.5186065,51
26044428,39.954707,32.569747,168
26044430,39.9527346,32.5666379,124
26044445,39.9508906,32.6357709,212
26044457,39.94460060000001,32.5853469,226
26044466,39.9789738,32.8884155,100
26044472,40.0053255,32.517875,311
26044496,39.94886899999999,32.577917,165
26044503,40.005758,32.520682,51
26044510,39.987286,32.576886,86
26044527,39.9893272,32.5089856,89
26044545,40.012065,32.5119892,5
26044835,39.9298532,32.6213406,84
26044858,39.9917908,32.5669466,2
26044967,39.9547179,32.5994437,63
26044981,40.0029542,32.5158197,311
26045178,39.9497121,32.5724545,165
26045207,39.927976,32.826078,194
26045210,39.9603569,32.9749838,256
26045220,40.013601,32.5167824,5
26045222,39.9649576,32.6019834,42
26045227,39.9395249,32.6547277,13
26045240,39.9377269,32.5942151,14
26045247,39.919984,32.873574,309
26045264,39.9623436,32.6047583,157
26045267,39.95063469999999,32.6288677,253
26045277,40.0190344,32.3107517,174
26045279,39.95263449999999,32.5745272,109
26045292,39.95044740000001,32.6279884,253
26045572,39.9462322,32.6713628,22
26046783,39.9726525,32.5746648,69
26046784,39.984175,32.85661,116
26046786,39.955782,32.727028,8
26046797,39.9544856,32.6176931,103
26046802,39.969216,32.7842071,95
26046818,40.0037438,32.8880614,92
26049496,39.9819781,32.6786008,193
26049499,39.8571568,32.7237843,177
26049651,39.9461826,32.6508966,16
26049797,39.9988692,32.8766404,139
26049800,39.9517816,32.6679639,275
26049804,39.984109,32.6393023,298
26049808,39.9709809,32.5815336,48
26049810,39.9589017,32.5665306,78
26049813,40.0146136,32.5178505,5
26049816,39.954707,32.569747,168
26049822,39.9617689,32.599153,157
26049823,39.9843734,32.5635933,252
26049825,39.9599461,32.5924752,70
26049830,39.9588952,32.5892349,270
26049831,39.9719785,32.5809533,48
26049834,39.9561228,32.5689712,168
26050125,39.945644,32.651316,16
26050279,39.9682691,32.657596,3
26052254,39.9393199,32.6631345,151
26052255,39.8346129,32.6051351,220
26052258,39.9561228,32.574525,109
26052260,39.9386914,32.6374068,314
26052261,39.9543743,32.5890091,135
26052262,39.9596595,32.5810166,156
26052270,39.9709504,32.9522401,240
26052271,40.0208511,32.5213269,65
26052272,39.94460060000001,32.5853469,226
26052273,39.9908082,32.8016602,19
26052274,39.959515,32.5762914,182
26052276,39.954707,32.569747,168
26052277,40.0045352,32.5333591,105
26052281,39.9584883,32.5944022,70
26052284,39.9703578,32.7053834,241
26052290,39.94362750000001,32.6432873,101
26052291,39.98289949999999,32.8624083,116
26052294,39.9958921,32.5806871,7
26052300,39.93171150000001,32.5933334,119
26052302,39.9439706,32.593298,77
26052303,39.9547258,32.5641411,76
26052305,40.0204805,32.5344456,12
26052306,39.994712,32.82313,260
26052308,39.9643749,32.60004,42
26052309,39.9883083,32.862201,134
26052312,39.960892,32.563437,78
26052314,40.0321634,32.8850429,323
26052315,39.954901,32.5542112,11
26052319,39.9610533,32.5933421,70
26052320,39.9792808,32.892641,229
26052322,40.0347414,32.564986,297
26052325,40.0367161,32.766392,251
26052327,39.9459244,32.6539964,16
26052392,39.8612552,32.541087,237
26052394,39.9589975,32.5632562,76
26052399,39.9560573,32.5542982,11
26052400,40.0041254,32.5314377,105
26052401,40.0359249,32.8538098,104
26052402,40.0394137,32.8454274,310
26052403,39.96979,32.585973,48
26052405,39.96372,32.723278,108
26052407,39.9891686,32.5974056,281
26052411,40.0004942,32.6024757,197
26052414,39.9509038,32.5686771,124
26052415,39.95630939999999,32.5965224,70
26052416,39.966028,32.5840277,167
26052418,39.9532674,32.5980683,63
26052420,39.87839900000001,32.681737,210
26052425,39.9498305,32.5767549,165
26052426,39.9998447,32.6170767,143
26052427,39.95944799999999,32.566375,78
26052431,40.013601,32.5167824,5
26052437,39.94460060000001,32.5853469,226
26052438,39.99082900000001,32.597229,281
26052439,39.99832869999999,32.6049253,197
26052440,39.9586376,32.5818967,156
26052441,39.95453699999999,32.5622619,91
26052451,39.8869331,32.7982891,1
26052452,39.9888938,32.8488099,324
26052454,39.9532674,32.5980683,63
26052456,40.019239,32.5327609,12
26052458,39.9769857,32.6054581,26
26052461,39.93757189999999,32.8803594,36
26052465,40.0098993,32.5253215,75
26052467,39.9459816,32.64995,16
26052470,39.944333,32.6485119,54
26052472,39.9564565,32.5772115,132
26052475,39.9551953,32.5606749,11
26052478,39.9441654,32.5659221,141
26052480,39.9654456,32.5833614,167
26052484,40.0045819,32.5314511,105
26052486,39.9852417,32.6129317,24
26052487,40.004729,32.878411,302
26052493,39.96040319999999,32.5569828,11
26052495,40.0132756,32.5153157,5
26052497,39.9774716,32.8831633,100
26052498,39.953962,32.595458,125
26052499,39.9593981,32.574571,315
26052500,40.0037296,32.5183547,51
26052501,39.9938107,32.8054972,19
26052502,39.9618626,32.582374,156
26052511,39.96391879999999,32.6025293,157
26052514,39.949231,32.631465,212
26052516,39.9805101,32.8316829,45
26052517,39.9681331,32.6035672,42
26052520,39.9283075,32.5712101,317
26052521,39.9380384,32.6512806,13
26052524,39.982717,32.8497621,282
26052529,39.960956,32.59443100000001,70
26052530,39.9226514,32.9117289,115
26052531,39.969756,32.5895875,142
26052534,39.9715353,32.5839333,48
26052535,39.8055024,32.5655549,204
26052539,39.9531087,32.5839333,277
26052540,39.9615237,32.6048422,157
26052541,39.9572589,32.6475256,263
26052542,39.977379,32.77994,200
26052543,39.9281381,32.6410267,49
26052545,39.8544476,32.424074,335
26052546,39.9577347,32.5902702,70
26052549,39.9933036,32.5952415,99
26052553,40.0203225,32.5223649,65
26052558,39.9834433,32.5796307,85
26052564,39.9378303,32.6415612,314
26052570,39.9374143,32.653595,13
26053326,39.9409676,32.9008432,102
26055772,39.88119349999999,32.7492385,169
26056408,39.9769931,32.7285485,61
26056417,39.98967409999999,32.5579931,144
26056427,40.004712,32.8499734,4
26056429,39.8983499,32.8662635,201
26056435,39.9344764,32.6413868,74
26056436,40.0087982,32.5265149,75
26056437,39.9464297,32.5907926,77
26056438,39.9709226,32.5722441,248
26056440,39.9454182,32.5630126,141
26056449,39.9557182,32.5585126,11
26056450,39.9462047,32.574644,266
26056457,39.9333635,32.8597419,199
26056461,39.9500351,32.6627729,275
26056462,39.9588939,32.5697282,315
26056463,39.945328,32.5683826,141
26056471,39.987917,32.8521656,93
26056484,40.0188054,32.5323938,12
26056489,39.990786,32.5657376,2
26056501,39.97159,32.583929,48
26056503,39.94460060000001,32.5853469,226
26056511,39.9847436,32.5655427,252
26056512,39.9423297,32.653538,13
26056519,39.9528473,32.6116969,103
26056536,39.9573596,32.5816077,156
26056539,39.96648709999999,32.6007037,42
26056541,39.9333635,32.8597419,199
26056555,39.9502997,32.5978916,63
26056565,40.0120668,32.9015721,152
26056566,39.9525724,32.595606,125
26056575,39.9331863,32.6362231,74
26056576,40.004239,32.8743248,302
26059089,39.967589,32.5839151,167
26059093,39.9899576,32.5714289,86
26059098,39.9542445,32.5956648,125
26059113,39.9964335,32.8517729,239
26059119,39.9515976,32.585611,277
26059135,39.9856887,32.580576,85
26059139,39.956122,32.564709,76
26059148,39.9096062,32.9799426,207
26059152,39.36297,32.26464,191
26059172,40.013582,32.861406,55
26059176,39.9843734,32.5635933,252
26059177,39.9476012,32.666159,22
26059192,39.953069,32.561189,91
26059194,39.9545115,32.6107001,103
26059458,39.9935491,32.5730527,329
26060471,39.9683472,32.9546552,240
26060509,39.9574771,32.5680153,78
26060527,39.9631029,32.6019254,157
26060532,39.9351612,32.6492569,155
26060542,39.978597,32.616195,110
26060549,39.982757,32.577125,85
26060563,39.9820976,32.7568727,107
26061053,39.9588885,32.5749222,315
26061067,39.969756,32.5895875,142
26061069,39.9292262,32.8156193,148
26061084,39.96864,32.9426329,211
26061473,39.9522749,32.6310777,162
26061477,39.9863229,32.5649896,252
26061486,39.9525002,32.6117146,103
26061515,39.9923532,32.5561933,29
26061572,39.9512878,32.5762914,165
26061610,40.0055047,32.5158598,311
26061620,39.9474449,32.5845356,249
26061623,39.8346129,32.6051351,220
26061650,40.0136788,32.5187689,5
26063077,39.9536897,32.5908742,125
26063082,39.9943119,32.5906729,99
26063118,39.9524169,32.722041,53
26063121,40.0029489,32.8318264,328
26063154,39.9328457,32.6405528,74
26063209,39.91450409999999,32.8069629,0
26063210,39.991477,32.641761,82
26063219,39.9544917,32.5641081,76
26064161,39.9534658,32.6133445,103
26064164,39.976083,32.813236,6
26064545,39.88568160000001,32.6203426,68
26064550,39.9060104,32.9808364,207
26067284,39.9711914,32.6576985,228
26068169,39.9583833,32.5976613,331
26068171,39.9555916,32.5839514,135
26070446,39.994088,32.6475256,82
26070730,40.017814,32.53091,12
26070841,39.8807872,32.7497408,169
26071091,39.9555416,32.707474,325
26071251,39.9726525,32.5746648,69
26071267,39.9365372,32.59611840000001,14
26071285,39.963721,32.591706,80
26071286,39.9588076,32.5584854,11
26071305,39.9931614,32.8048333,19
26071358,39.96652,32.597726,56
26071359,39.9522749,32.6310777,162
26071362,39.9397569,32.6528026,13
26071418,39.9742494,32.8360421,181
26071518,39.8925348,32.8377658,120
26071841,39.8471994,32.5546271,247
26071850,39.9133797,32.77177,133
26071857,39.9503861,32.6343117,212
26072208,39.978009,32.862139,23
26072218,39.949453,32.620066,88
26072232,39.9462761,32.5670925,141
26072247,39.9524502,32.6437012,113
26072263,40.0052411,32.8595814,129
26072292,39.9886721,32.8885072,15
26072299,39.9235362,32.850263,137
26072308,39.970912,32.577528,69
26072310,39.9980414,32.6049306,197
26072314,39.954129,32.580113,132
26072345,39.9580565,32.5686236,78
26072357,39.5591011,33.1162071,320
26072376,39.9721984,32.8503522,39
26073381,40.0213918,32.5291261,12
26073930,39.9023228,32.8543921,306
26074242,39.9180109,32.8218853,206
26074336,39.9706637,32.7261408,97
26074542,39.9746326,32.857805,39
26075296,39.899684,32.9166357,217
26075724,39.97978000000001,32.641431,62
26075950,39.9837671,32.8366296,45
26077305,39.9647919,32.6594302,3
26077312,39.9333635,32.8597419,199
26077313,39.9444919,32.6092907,37
26077314,39.9850543,32.8507235,282
26077324,39.9535994,32.5859931,135
26077326,39.9308859,32.6363874,49
26077331,39.757964,32.653587,231
26077333,39.994041,32.99535,171
26077334,39.9331863,32.6362231,74
26077336,39.9477433,32.6192672,88
26077337,39.9588076,32.5584854,11
26077338,39.9546679,32.5789837,132
26077340,39.9596538,32.5924145,70
26077353,40.0105826,32.8537239,164
26077358,39.9863148,32.6071261,24
26077364,39.9431586,32.5758379,96
26077410,39.9890974,32.6538963,20
26077411,39.946805,32.6471731,58
26077415,39.9470979,32.6373801,234
26077418,39.9770915,32.5936462,138
26077420,39.9304156,32.648959,117
26077426,40.0040539,32.8674737,67
26077430,39.9545851,32.591545,125
26077434,39.95240829999999,32.6675717,275
26077441,39.9422321,32.6437828,101
26077453,39.9487429,32.627882,253
26077455,40.0150345,32.52862260000001,112
26077457,39.948056,32.596243,77
26077458,39.9333635,32.8597419,199
26077468,39.9601061,32.5819837,156
26077480,39.9696099,32.731561,97
26077481,39.9542949,32.5930626,125
26077483,39.9715353,32.5839333,48
26077491,39.9547258,32.5641411,76
26077495,39.98904539999999,32.552165,29
26077496,39.9612392,32.5938958,70
26077501,39.9482331,32.86803,41
26077502,39.9969377,32.8119288,130
26077512,39.9608446,32.5681704,78
26077514,39.9509306,32.6280355,253
26077520,39.9931566,32.5833292,7
26077685,39.947786,32.634167,212
26077686,39.9753255,32.9096737,227
26077690,40.0087315,32.51553,27
26077692,40.0062886,32.51700840000001,311
26077694,39.9333635,32.8597419,199
26077695,39.9333635,32.8597419,199
26077706,39.945328,32.5683826,141
26077707,40.0347414,32.564986,297
26077738,39.9487063,32.648407,58
26077739,39.9890668,32.5867605,118
26077883,39.8806837,32.802067,153
26077885,39.9557187,32.5841259,135
26077887,39.9964786,32.5804343,7
26077891,39.9615237,32.6048422,157
26077895,39.9715353,32.5839333,48
26077899,39.9448445,32.564191,141
26078025,40.03320679999999,32.850257,104
26078035,39.9480814,32.6291585,253
26078037,40.0116868,32.5104988,5
26078039,39.967589,32.5839151,167
26078044,39.9503861,32.6343117,212
26078066,39.9523055,32.6319501,162
26078067,39.9553909,32.5919507,125
26078069,39.9939045,32.5947987,99
26078070,39.9012372,32.9691183,32
26078074,39.9532674,32.5980683,63
26078077,39.9207034,32.8862487,262
26078080,39.9579795,32.5801613,156
26078082,39.9580379,32.5627611,76
26078096,39.9437203,32.6523676,16
26078101,39.9528473,32.6116969,103
26078102,39.8544476,32.424074,335
26078106,39.9609088,32.5811061,156
26078109,39.992645,32.587248,7
26078111,39.9521543,32.6403924,113
26078112,39.9680467,32.5963073,56
26078114,39.9508164,32.5892362,163
26078118,39.9599461,32.5924752,70
26078119,39.9545851,32.591545,125
26078127,39.967891,32.659491,3
26078134,39.9712389,32.5863318,48
26078147,39.940339,32.6591103,13
26078150,39.9567294,32.5704699,168
26078152,39.954205,32.5962988,125
26078153,40.0204805,32.5344456,12
26078157,39.9596538,32.5924145,70
26078158,40.017814,32.53091,12
26078161,39.9545513,32.5645059,76
26078166,39.9507493,32.6292819,253
26078168,39.9157116,32.9219309,289
26078169,39.9020774,32.7050051,195
26078173,39.9940998,32.8858266,123
26078178,40.014739,32.8678581,30
26078179,39.962029,32.81657,313
26078180,39.9512548,32.8813615,81
26078182,39.999372,32.5130675,25
26078190,39.9578046,32.5981375,331
26078195,39.9088051,32.9293128,90
26078196,39.9727191,32.5725477,69
26078197,39.9545115,32.6107001,103
26078207,39.9580379,32.5627611,76
26078217,39.9644956,32.5983847,42
26078223,39.9496241,32.5770491,165
26078227,39.9446405,32.6467939,54
26078229,39.9587693,32.5729277,315
26078231,39.973159,32.6160947,18
26078242,39.9532674,32.5980683,63
26078243,39.954901,32.5542112,11
26078330,39.9463025,32.644991,58
26078440,39.9935491,32.5730527,329
26078441,39.9546392,32.5987473,63
26078444,39.9544917,32.5641081,76
26078447,39.94073909999999,32.647371,54
26078460,39.9463937,32.6318787,150
26078462,39.95063469999999,32.6288677,253
26078463,39.945328,32.5683826,141
26078467,40.0101188,32.5197935,27
26078469,40.004394,32.5163453,311
26078526,39.9567734,32.5641094,76
26078531,39.9482155,32.6178079,88
26078532,39.9543917,32.561755,91
26078533,39.9664948,32.5928156,71
26078540,39.945328,32.5683826,141
26078551,39.9991899,32.5193127,25
26078554,39.9587693,32.5729277,315
26078557,39.9450389,32.6332919,150
26078559,39.9468099,32.6254002,253
26078560,39.9338519,32.6491431,155
26078564,39.9940536,32.8407476,278
26078569,39.9844893,32.5712324,126
26078570,40.018046,32.5264424,12
26078573,40.0087766,32.5155111,27
26078574,39.5776674,32.1476388,287
26078575,39.9440368,32.5769818,266
26078577,40.004068,32.8754261,302
26078618,39.9502315,32.6255321,253
26078619,39.939914,32.643745,101
26078620,39.88749139999999,32.8352455,120
26078621,39.96742,32.594064,56
26078622,39.999663,32.874646,139
26078623,39.945328,32.5683826,141
26078624,39.9885657,32.8478577,324
26078625,40.0038005,32.530309,105
26078628,39.9281407,32.8464374,137
26078629,39.9129599,32.8946504,59
26078630,39.945328,32.5683826,141
26078631,39.9468047,32.5651612,141
26078632,40.006275,32.848898,4
26078636,39.9967755,32.522291,230
26078638,39.991651,32.574421,86
26078639,39.8544476,32.424074,335
26078640,39.9546085,32.5879322,135
26078641,39.946401,32.657509,16
26078642,39.9670865,32.5980683,56
26078643,39.9920195,32.8020086,19
26078644,40.0244784,32.8563952,188
26078645,39.9610652,32.5670599,78
26078647,39.945328,32.5683826,141
26078650,39.8544476,32.424074,335
26078651,39.9987507,32.8314602,198
26078653,39.9907557,32.7953016,160
26078654,39.9862099,32.8023371,236
26078658,39.9865328,32.5998258,334
26078702,39.9333635,32.8597419,199
26078719,39.989087,32.5656683,2
26078796,39.9862498,32.597076,334
26078797,39.9333635,32.8597419,199
26078798,40.0012999,32.8859881,92
26078812,39.9954081,32.5237084,230
26078815,39.9689425,32.5858998,48
26078816,39.9963376,32.829078,198
26078818,40.007643,32.8731851,67
26078822,39.9580218,32.5565266,11
26078825,40.0037296,32.5183547,51
26078826,40.00360800000001,32.6083248,265
26078920,39.9819781,32.6786008,193
26079126,39.9686111,32.6337101,283
26079434,40.0048786,32.640817,33
26079447,39.9742279,32.869039,23
26079517,39.9025173,32.8057286,214
26079604,39.9994282,32.6285634,35
26079736,40.002633,32.521944,51
26079820,39.9581957,32.9634852,180
26079822,39.9446732,32.575906,266
26079823,40.0033802,32.5141933,311
26079824,39.9776956,32.5945886,138
26080187,39.9608446,32.5681704,78
26080198,39.9426275,32.5865838,226
26080201,40.035186,32.8477757,104
26080217,39.9815223,32.6132411,110
26080238,39.9590287,32.5537968,11
26080240,39.8853036,32.8232147,40
26080936,39.7887308,32.8295055,179
26080941,39.9804782,32.6479191,62
26081614,39.9719137,32.5723193,69
26082088,39.9651506,32.9138078,196
26082126,39.9954082,32.8703972,46
26082549,39.8845495,32.8155018,40
26083197,39.9486281,32.5683364,124
26083202,39.9560748,32.7314821,8
26083317,39.9085881,32.8656558,202
26083504,39.8544476,32.424074,335
26083505,39.9415379,32.5958149,14
26083858,39.892558,32.832338,120
26083944,40.0183781,32.5118148,159
26084218,39.9914335,32.8625552,134
26084809,39.9271146,32.8126602,148
26085431,39.98351,32.6494747,64
26087400,39.9741185,32.8880592,100
26088246,39.9651529,32.5888215,80
26088263,40.0105826,32.8537239,164
26088704,39.8965922,32.848243,303
26089215,39.9789613,32.610744,140
26089217,39.8350779,32.6998317,337
26091894,39.916704,32.801036,0
26094046,39.9856957,32.6292581,243
26094340,39.9749873,32.6445264,43
26094591,39.9533479,32.7969121,128
26096058,39.829063,32.7175454,87
26096197,39.9735026,32.8566774,39
26096252,39.9610652,32.5670599,78
26096256,39.9522749,32.6310777,162
26096259,39.9451665,32.5671123,141
26096446,39.9265795,32.8859972,170
26097056,39.8966536,32.7985414,52
26097085,39.8923986,32.7957216,52
26097322,39.9879976,32.8803893,15
26097548,39.8850339,32.6594463,269
26097568,39.950899,32.5940909,125
26097879,39.956181,32.83598,235
26098445,39.9258475,32.8252262,194
26098451,39.8911407,32.6980869,50
26098588,39.88983820000001,32.780086,259
26099306,39.7208547,32.5259596,304
26099529,39.9901463,32.6277526,276
26100025,39.9757457,32.6107881,18
26100520,40.006564,32.6487785,33
26100813,39.9271541,32.8151399,148
26101242,39.976464,32.629898,28
26101255,39.917587,32.819498,206
26101271,39.968624,32.872561,192
26101471,39.890757,32.67674600000001,47
26101473,39.8884403,32.7897809,1
26101477,39.872753,32.8198812,136
26101507,39.8970259,32.87079500000001,201
26101533,39.974487,32.619833,250
26101773,39.8887695,32.6834667,47
26101774,39.8451842,32.9212265,131
26101950,39.8512298,32.6869315,183
26102172,39.8525435,32.8601942,190
26102255,39.97876,32.6105099,140
26102307,39.972484,32.651214,43
26102751,39.8571568,32.7237843,177
26103285,39.8815354,32.8680497,147
26103654,39.9810406,32.66324,222
26103834,39.8451842,32.9212265,131
26104740,39.96574,32.5877946,80
26104741,39.9705935,32.572683,248
26104742,40.0016372,32.8444818,178
26105821,39.88875360000001,32.6182279,68
26106793,39.9596538,32.5924145,70
26106796,39.9593981,32.574571,315
26106797,40.0043224,32.5145976,311
26106869,39.9583833,32.5976613,331
26106874,39.8544476,32.424074,335
26106875,40.0132756,32.5153157,5
26106876,40.0041283,32.5321583,105
26106909,39.9701587,32.5974578,56
26107160,40.0060645,32.8433228,4
26107161,39.9903073,32.8032156,19
26107162,39.970912,32.577528,69
26107163,39.9551849,32.5920361,125
26107164,39.9415379,32.5958149,14
26107166,39.9845954,32.6944347,238
26107167,39.9933036,32.5952415,99
26107169,39.945328,32.5683826,141
26107234,40.2107414,32.7724813,225
26107235,39.9656696,32.9398249,10
26107236,39.9477433,32.6192672,88
26107237,39.961557,32.5846769,156
26107240,39.9796736,32.591001,138
26107241,39.9903766,32.8054687,19
26107244,39.8544476,32.424074,335
26107246,39.9328457,32.6405528,74
26107249,39.939061,32.606584,186
26107250,39.970677,32.5932782,142
26107251,39.9914323,32.8834999,123
26107252,39.950956,32.6203555,88
26107254,40.0138928,32.8657013,30
26107256,39.95861379999999,32.5907543,70
26107257,39.9520739,32.5671322,124
26107261,39.962378,32.578424,182
26107262,39.9968846,32.8510737,239
26107263,39.9321525,32.6116598,72
26107264,39.958758,32.5888433,270
26107265,39.9304877,32.6450452,117
26107266,39.9549107,32.8487361,285
26107267,39.9321525,32.6116598,72
26107268,39.8544476,32.424074,335
26107269,39.9670865,32.5980683,56
26107271,39.9724559,32.9608261,336
26107272,40.0178527,32.8562043,55
26107273,40.0029043,32.5163044,311
26107275,39.9344715,32.6202844,84
26107279,39.9216611,32.8339143,267
26107281,39.9480814,32.6291585,253
26107282,39.9497898,32.6445108,113
26107285,39.9470062,32.6362231,234
26107286,39.9995811,32.5984236,154
26107287,39.95309100000001,32.63299000000001,162
26107290,39.9159189,32.933906,31
26107291,39.9510577,32.5857624,277
26107292,39.9546392,32.5987473,63
26107295,39.9417014,32.6512637,54
26107299,39.9408564,32.6440289,101
26107301,39.959097,32.577762,182
26107303,39.9577946,32.6015234,83
26107306,39.9626469,32.5732785,73
26107308,39.9293142,32.6192672,84
26107309,39.8544476,32.424074,335
26107310,40.0150345,32.52862260000001,112
26107311,39.9476347,32.5627457,141
26107314,39.9276253,32.8985434,21
26107315,39.9779282,32.933983,209
26107316,40.0031479,32.8831384,92
26107456,39.958447,32.9380603,286
26107458,39.9477433,32.6192672,88
26107459,39.9058976,32.966854,32
26107460,39.9470707,32.5696675,141
26107467,39.96164,32.581743,156
26107468,40.003398,32.875207,302
26107473,39.9832323,32.5796924,85
26107474,40.0093152,32.904094,152
26107476,39.9466116,32.5883937,249
26107478,39.9470062,32.6362231,234
26107481,39.9834917,32.8430256,9
26107482,39.9593981,32.574571,315
26107483,39.9992013,32.601776,197
26107484,39.9976603,32.5965993,154
26107487,39.9337846,32.8925775,106
26108520,40.0083059,32.5389911,57
26108522,39.9551849,32.5920361,125
26108526,40.0055213,32.8852925,92
26108529,40.0202396,32.5229044,65
26108530,39.9697163,32.5922978,142
26108531,40.0156107,32.5241004,274
26108532,39.9423661,32.6545889,13
26108533,39.9706699,32.5750871,69
26108534,39.9418525,32.5679156,158
26108536,39.9508783,32.6438626,113
26108539,39.938813,32.914519,268
26108540,40.0156107,32.5241004,274
26108542,39.9272639,32.6471835,117
26108543,39.9943905,32.5664452,2
26108544,39.945328,32.5683826,141
26108545,39.9675442,32.5977328,56
26108546,39.9878695,32.5843413,118
26108548,39.9548781,32.6139554,103
26108550,39.9430822,32.8937487,66
26108551,39.94460060000001,32.5853469,226
26108553,40.0177473,32.3293179,221
26108554,39.941113,32.5764001,96
26108557,39.9492417,32.5603226,312
26108558,39.9574771,32.5680153,78
26108559,39.981799,32.817234,6
26108560,39.9995568,32.5570715,218
26108831,40.0177107,32.52823,12
26108832,39.9848298,32.8431023,9
26108833,39.9515074,32.6327769,162
26108834,39.9540765,32.5572819,11
26108837,39.945328,32.5683826,141
26108838,39.9044132,32.9340439,90
26108840,40.0129334,32.740723,79
26108842,39.9596538,32.5924145,70
26108846,39.9549298,32.5813824,132
26111411,39.8131225,32.5773121,185
26112141,39.9832323,32.5796924,85
26112142,39.9567294,32.5704699,168
26112612,39.92042600000001,32.8028,0
26112614,39.8622381,32.6421789,38
26113105,39.9295825,32.8863235,170
26113239,39.939051,32.5911043,14
26113240,39.9545406,32.6167875,103
26113242,39.9561162,32.5945409,70
26113243,39.9999698,32.6139276,143
26113244,39.973172,32.577127,69
26113245,39.9911118,32.5560186,29
26113246,39.955233,32.568081,168
26113247,39.9559054,32.5674052,168
26113248,40.0103442,32.5122602,27
26113249,39.9020774,32.7050051,195
26113250,39.9677517,32.6041293,42
26113251,40.0126209,32.8598032,55
26113252,39.9757457,32.6107881,18
26113253,39.9645395,32.5885905,80
26113331,40.0240343,32.5231308,65
26113406,39.9424406,32.8968578,66
26113407,39.9832323,32.5796924,85
26113420,39.9364437,32.6139703,245
