id,latitude,longitude
Factory,39.976736,32.562732
10109441,39.9710743,32.5928911
10109489,39.9893272,32.5089856
10109529,39.969756,32.5895875
10109843,39.9560525,32.7096666
10109947,39.9511592,32.6021582
10110403,40.0066653,32.5214487
10110626,39.9893272,32.5089856
10110697,39.9781204,32.8951958
10110848,39.9571838,32.5927712
10111138,39.9757457,32.6107881
10111214,39.983716,32.84368
10111530,39.9799213,32.8428015
10111869,39.9898683,32.848795
10111994,39.8544476,32.424074
10112460,39.9603589,32.742676
10208110,39.95036899999999,32.5847122
10208170,39.9513042,32.6079616
10208774,39.8931675,32.7051441
10208859,39.995093,32.8789727
10220018,39.8970734,32.691308
10220100,39.945644,32.651316
10221175,39.9566469,32.564087
10221316,39.9820027,32.7322439
10313293,39.9928101,32.8664234
10313435,39.940028,32.613384
10314072,39.98484,32.613089
10314144,40.0006145,32.5283159
10315032,39.97282630000001,32.5751001
10315618,39.8786266,32.6764467
10321601,39.9889262,32.8634441
10322313,39.975372,32.829447
10430440,39.944826,32.5912661
10430956,40.0124163,32.5354262
10431335,39.9493109,32.5918845
10432242,39.9966092,32.6506446
10432344,39.9903073,32.8032156
10600068,39.9381175,32.6127011
10600071,39.9395625,32.5942241
10600073,39.9948516,32.6442256
10600083,39.9784129,32.6010689
10600107,39.9956708,32.5143028
10600114,39.9567532,32.5691188
10600270,39.9602168,32.5754383
10600274,39.96270940000001,32.5738825
10600312,39.9757457,32.6107881
10600413,39.88173,32.67303
10600452,39.9470669,32.6526134
10600489,39.9321525,32.6116598
10600496,39.968624,32.5837627
10600509,39.965323,32.602483
10600515,39.9478338,32.6460306
10600526,39.98956099999999,32.573737
10600537,39.968826,32.5855678
10600549,40.0064528,32.5296991
10600551,39.9382395,32.6528609
10600558,39.8650916,32.6475256
10600586,39.8544476,32.424074
10600623,39.955369,32.585911
10600638,39.9689387,32.5840658
10600659,39.9998245,32.5296615
10600661,39.9588076,32.5584854
10600666,40.0099325,32.5011463
10600669,39.9603049,32.7292568
10600670,39.9835907,32.6142804
10600686,39.9415562,32.6460402
10600690,39.9543362,32.6141971
10600705,39.9498166,32.5678319
10600708,39.9532674,32.5980683
10600713,39.9321525,32.6116598
10600739,39.9745031,32.5780411
10600741,39.95138010000001,32.6129797
10600754,39.9579625,32.5727715
10600760,39.951319,32.574571
10600766,40.0193908,32.530486
10600767,39.970754,32.586766
10600776,39.8139783,32.6560016
10600780,39.880435,32.798862
10600786,39.9321525,32.6116598
10600795,39.9832323,32.5796924
10600805,39.9603049,32.7292568
10600809,39.9338638,32.650495
10600818,40.0037956,32.8737707
10600823,39.94460060000001,32.5853469
10600835,39.8544476,32.424074
10600839,39.9646866,32.5885054
10600845,39.9374207,32.6191139
10600851,39.9771278,32.8313649
10600863,39.9639657,32.5965505
10600864,39.947115,32.5633904
10600873,39.933483,32.590671
10600898,39.974807,32.6098556
10600902,39.9575834,32.8579616
10600915,39.9757457,32.6107881
10600921,39.9734649,32.6569286
10600926,39.8544476,32.424074
10600927,39.8544476,32.424074
10600928,39.971756,32.577353
10600937,39.9333635,32.8597419
10600944,40.0016266,32.6309063
10600948,39.9934663,32.8728712
10600950,39.971252,32.583827
10600952,39.9452152,32.5767201
10600962,39.9606269,32.5756219
10600963,39.9575098,32.5941972
10600964,39.976464,32.629898
10600968,39.9457152,32.649141
10600972,39.9805477,32.7957543
10600973,39.9924265,32.5855518
10600977,39.957759,32.594039
10600978,39.9757457,32.6107881
10600983,39.9893272,32.5089856
10600985,39.9757457,32.6107881
10600990,39.9671348,32.6010342
10600993,39.9541274,32.5874338
10600995,40.00648,32.6478783
10601005,40.0044718,32.5337412
10601016,39.9523716,32.5738236
10601023,39.950729,32.574854
10601028,40.0142057,32.5258491
10601029,39.9293142,32.6192672
10601033,39.959301,32.597642
10601036,39.9545377,32.573543
10601044,39.98649,32.5819798
10601047,39.8509856,32.8564017
10601052,39.8352299,32.5360464
10601053,39.9912776,32.5738147
10601054,39.8404768,32.5347516
10601068,39.99549469999999,32.5649387
10601076,39.8544476,32.424074
10601084,39.9911542,32.6611828
10601086,39.9445208,32.5961249
10601087,39.9888329,32.5824157
10601088,39.995803,32.585078
10601097,39.8544476,32.424074
10601103,39.8752019,32.7084065
10601107,39.9400696,32.6459798
10601115,39.9508398,32.6631968
10601122,39.9670865,32.5980683
10601123,39.9651807,32.7875853
10601133,39.9786434,32.6150195
10601136,39.8544476,32.424074
10601137,39.9552746,32.5769091
10601140,39.9664559,32.5943923
10601141,39.99663,32.595565
10601160,39.976909,32.600673
10601162,39.982513,32.583628
10601167,39.9633423,32.6136146
10601218,39.954296,32.5748437
10601233,39.9711821,32.5758142
10601266,39.9519131,32.5983982
10601291,39.9529301,32.5879291
10601306,39.9457995,32.5729052
10601312,39.9900925,32.5717625
10601313,39.9554698,32.6044957
10601314,39.9331183,32.5929946
10601327,39.9531087,32.5839333
10601331,39.9454681,32.6316309
10601332,39.9519995,32.564424
10601335,39.9536862,32.5840839
10601339,39.945328,32.5683826
10601345,39.9496374,32.5732128
10601350,39.98272619999999,32.6419486
10601351,39.9300799,32.648702
10601354,40.0240343,32.5231308
10601357,39.9547258,32.5641411
10601359,39.9680725,32.5874432
10601363,39.9513042,32.6079616
10601364,39.9490444,32.5944295
10601366,39.9706343,32.6381055
10601368,39.9718524,32.5845637
10601370,39.9502181,32.5703044
10601371,39.8544476,32.424074
10601376,39.9590813,32.5928166
10601377,39.9754552,32.6472337
10601383,39.9898211,32.6163328
10601397,39.934054,32.6137112
10601399,39.9875607,32.5916016
10601401,40.017814,32.53091
10601402,39.973761,32.604385
10601403,39.9494032,32.6421635
10601405,39.9448789,32.5955512
10601406,39.9464297,32.5907926
10601411,39.99918,32.8920229
10601413,39.9938663,32.5561521
10601414,39.9338132,32.5955483
10601419,39.9662586,32.5843183
10601428,39.9591747,32.5682891
10601434,39.9691058,32.5874231
10601441,39.9776617,32.636099
10601443,39.968552,32.598172
10601445,39.9573033,32.59129
10601451,40.012021,32.512003
10601452,39.9297884,32.6338239
10601453,39.947295,32.6562499
10601454,39.9810747,32.6062613
10601459,40.02087,32.5253567
10601468,40.003455,32.5294185
10601469,40.0165644,32.5402558
10601485,39.951987,32.6016822
10601490,39.9428298,32.6424051
10601491,39.9526395,32.582299
10601492,39.9796736,32.591001
10601494,39.965497,32.5737284
10601506,39.9721682,32.6141647
10601508,39.9471695,32.6261261
10601510,39.9447982,32.8912256
10601512,39.9529901,32.5621562
10601516,39.9932541,32.5767016
10601517,39.9931485,32.5811061
10601519,39.9352899,32.6546339
10601522,39.9712346,32.5572164
10601525,39.9518287,32.6618065
10601530,39.9832323,32.5796924
10601532,39.9683658,32.5683826
10601539,39.9874076,32.6249195
10601542,39.9471597,32.6480321
10601543,39.9581242,32.6006082
10601554,39.9591562,32.5768528
10601556,39.9896991,32.5867134
10601568,39.957323,32.8750852
10601569,39.9672597,32.6438754
10601570,39.9514959,32.6026909
10601571,39.9709327,32.5781618
10601574,39.9531964,32.5992437
10601576,39.948229,32.5943479
10601580,39.9992013,32.601776
10601583,39.9861069,32.5736932
10601593,39.9675065,32.5898615
10601602,39.95369549999999,32.6327306
10601612,39.9989595,32.6013099
10601613,39.939051,32.5911043
10601615,39.9654779,32.6527913
10601625,39.9933036,32.5952415
10601626,39.8544476,32.424074
10601629,39.9633245,32.589089
10601637,39.9861069,32.5736932
10601640,39.93144970000001,32.6177578
10601643,39.994842,32.5167192
10601645,40.0092277,32.8439057
10601652,39.9426466,32.6045589
10601667,39.941127,32.618488
10601668,40.0047349,32.526925
10601676,39.9597148,32.5781877
10601683,39.9504032,32.6353151
10601684,40.0006145,32.5283159
10601692,39.9970057,32.5183452
10601695,39.9858914,32.5622349
10601697,39.9358634,32.6613661
10601698,39.987992,32.5863046
10601701,39.9862891,32.5988413
10601708,39.9938394,32.5563896
10601714,39.9667777,32.5991063
10601716,39.9387343,32.5975302
10601717,39.9632437,32.7234533
10601718,39.8813201,32.6983711
10601735,39.9683658,32.5683826
10601736,39.9104081,32.7637933
10601737,39.94460060000001,32.5853469
10601742,39.9851785,32.5638553
10601743,40.0119902,32.5356719
10601744,39.9496835,32.6436971
10601746,39.970178,32.590635
10601750,39.93413750000001,32.6213448
10601755,40.0189527,32.5264676
10601756,39.8346129,32.6051351
10601765,39.9563271,32.5787513
10601766,39.8570265,32.8314103
10601773,39.9968571,32.653
10601774,39.9304412,32.6094753
10601777,39.94460060000001,32.5853469
10601780,39.9506252,32.6496231
10601787,39.9854297,32.6276903
10601792,39.9747719,32.6921729
10601797,40.0070112,32.5172742
10601798,39.9531087,32.5839333
10601799,39.954515,32.570158
10601800,39.9881321,32.5756189
10601801,39.9407973,32.6180278
10601802,39.9665578,32.7935168
10601803,39.9413788,32.6371288
10601805,39.9460084,32.6505883
10601808,39.9576491,32.5876154
10601815,39.9874279,32.5811798
10601825,39.8544476,32.424074
10601826,39.950835,32.570394
10601828,39.9639075,32.5948276
10601830,39.9561974,32.5604976
10601831,39.9564637,32.5728669
10601832,39.9404474,32.6623784
10601835,40.0094223,32.523286
10601836,39.9536846,32.6316713
10601837,39.9562319,32.5670792
10601839,39.951631,32.562682
10601840,39.9699685,32.5962835
10601843,39.9575098,32.5941972
10601844,39.9476347,32.5627457
10601845,39.9702614,32.5769513
10601847,39.9477433,32.6192672
10601848,40.0059537,32.5057784
10601852,39.939432,32.6224249
10601863,39.9597255,32.5993902
10601864,39.958215,32.5912113
10601870,39.947913,32.6280829
10601871,40.003073,32.611209
10601879,39.954908,32.6007778
10601880,39.9708711,32.8962847
10601885,39.9513042,32.6079616
10601887,40.000833,32.6178809
10601888,39.9594317,32.5705193
10601890,39.9672299,32.5956484
10601893,39.9596538,32.5924145
10601902,39.9943572,32.5244774
10601911,39.950547,32.574052
10601915,40.0125524,32.526352
10601923,39.9466116,32.5883937
10601925,39.9439706,32.593298
10601927,40.0096212,32.6230276
10601929,39.9950001,32.8600762
10601932,39.9532674,32.5980683
10601941,39.9723209,32.5757977
10601949,39.9886111,32.6258333
10601950,39.9593177,32.5770763
10601951,39.95133510000001,32.5916291
10601956,39.9709343,32.5715079
10601959,39.930956,32.8922219
10601962,39.8346129,32.6051351
10601964,39.8544476,32.424074
10601965,39.8544476,32.424074
10601968,39.9521556,32.665425
10601972,40.0165792,32.5292654
10601977,39.970912,32.577528
10601982,39.954002,32.571808
10601984,39.9556475,32.5599523
10601985,39.9473743,32.5794496
10601986,39.955407,32.5693849
10601989,39.985919,32.569888
10601990,39.954987,32.5925099
10601992,39.9574771,32.5680153
10601994,39.952369,32.665878
10601999,39.9612701,32.565811
10602003,39.9747993,32.6135536
10602005,39.9674942,32.5956784
10602012,39.9605967,32.5905034
10602014,39.9607299,32.5825031
10602015,39.9331863,32.6362231
10602016,39.9442505,32.6416537
10602017,39.939051,32.5911043
10602018,39.8544476,32.424074
10602021,39.9854918,32.5676949
10602023,39.96130290000001,32.5670459
10602024,39.9537958,32.5697553
10602025,39.95912,32.575028
10602026,39.9737642,32.5770118
10602027,39.9364437,32.6139703
10602030,39.94648129999999,32.6083901
10602031,40.0100539,32.517094
10602032,39.9640384,32.5797668
10602034,39.9549739,32.5634657
10602039,39.9931485,32.5811061
10602040,39.9511592,32.6021582
10602042,39.9464309,32.597401
10602044,39.9632378,32.5751106
10602049,39.9905456,32.5651022
10602050,39.9456522,32.6565004
10602051,39.9495379,32.589022
10602052,39.957522,32.598179
10602054,39.9518937,32.5862929
10602055,39.9418002,32.645686
10602056,39.9462929,32.6646098
10602057,39.9531503,32.6398972
10602060,39.9496432,32.5849882
10602066,39.8544476,32.424074
10602067,39.942714,32.5716775
10602070,39.951969,32.610368
10602073,39.956285,32.569713
10602077,39.9689425,32.5858998
10602078,39.9558411,32.59445170000001
10602080,39.965899,32.595536
10602081,39.9802999,32.7545604
10602084,39.9832323,32.5796924
10602085,40.0176914,32.533068
10602089,39.9539203,32.5788842
10602090,39.9948286,32.5649134
10602092,39.951301,32.5737499
10602093,39.947058,32.6206938
10602095,39.9761089,32.8060389
10602096,39.9829295,32.5777888
10602097,40.0125955,32.5138379
10602101,39.990576,32.560469
10602104,40.0045859,32.5090265
10602107,39.9513042,32.6079616
10602110,39.9300079,32.6096456
10602112,39.96030289999999,32.5993271
10602120,39.9506881,32.5911719
10602121,39.9731272,32.6208137
10602122,39.989935,32.5734165
10602130,39.9614026,32.73072860000001
10602136,39.9548233,32.6181579
10602148,39.9292138,32.6218507
10602150,39.9931485,32.5811061
10602152,39.9470062,32.6362231
10602157,39.9931485,32.5811061
10602164,39.9013082,32.6262258
10602167,39.9287212,32.8766602
10602183,39.9219293,32.9011169
10602186,39.9728547,32.6418745
10602188,39.96502770000001,32.7830574
10602191,39.9692933,32.5882542
10602197,40.009416,32.5181309
10602204,39.9588183,32.5898104
10602208,39.950317,32.6456517
10602226,39.9974065,32.8652865
10602231,39.9575657,32.5872852
10602232,39.9723539,32.5705549
10602234,39.9514045,32.5768982
10602235,39.958102,32.5693036
10602239,39.9810747,32.6062613
10602247,39.9555847,32.5749205
10602253,39.9973106,32.8156088
10602275,40.00703000000001,32.520004
10602278,39.9407354,32.6456192
10602296,39.9661588,32.5926133
10602297,39.9428679,32.5717255
10602299,40.0204805,32.5344456
10602303,39.9708902,32.5697766
10602305,39.9435717,32.6169739
10602308,39.9432221,32.5894992
10602309,40.0077661,32.5125662
10602311,39.9692699,32.5807963
10602323,40.015192,32.534674
10602324,39.964673,32.7002908
10602334,39.95954,32.59723
10602336,39.9606784,32.5869094
10602337,39.9421708,32.6129512
10602338,40.0207538,32.5207201
10602342,39.952232,32.6328179
10602353,39.969756,32.5895875
10602358,39.9920081,32.73174
10602359,39.8544476,32.424074
10602376,39.95261600000001,32.584084
10602418,39.9539955,32.5629179
10602426,40.01350679999999,32.5149207
10602429,40.0087553,32.8488579
10602431,40.010361,32.53052
10602440,39.97306340000001,32.619165
10602444,39.9510224,32.6340602
10602448,39.94787729999999,32.5628422
10602461,40.007321,32.522207
10602466,40.0154736,32.5262839
10602473,39.9945704,32.6105625
10602504,40.0038935,32.6012031
10602506,39.9596538,32.5924145
10602516,39.9564637,32.5728669
10602519,40.0034148,32.5214602
10602522,39.9730273,32.57352650000001
10602533,39.9337457,32.65478179999999
10602541,39.960552,32.5571315
10602542,39.9584378,32.5656199
10602547,39.914296,32.9018556
10602549,39.9623404,32.7250988
10602552,39.9556768,32.5927842
10602555,39.9339194,32.5962445
10602572,40.0130815,32.5137836
10602576,39.961586,32.5822214
10602587,39.982125,32.845882
10602589,39.9649399,32.8051025
10602590,39.9395846,32.5932798
10602591,40.0103366,32.6616518
10602593,39.9931485,32.5811061
10602594,39.9561698,32.6120205
10602596,39.9581113,32.5869371
10602597,40.01201160000001,32.5314631
10602600,39.9409753,32.8965286
10602602,39.9548781,32.6139554
10602603,39.9313882,32.6488968
10602604,39.9577046,32.5960727
10602621,39.9797378,32.848036
10602624,39.9399448,32.6539684
10602625,39.9628363,32.6021795
10602635,39.9711261,32.5722497
10602636,39.97173069999999,32.57351
10602637,39.9335365,32.6403158
10602642,39.954186,32.56787
10602654,40.0074627,32.869054
10602657,39.9523795,32.613457
10602666,39.856407,32.643109
10602669,40.0240343,32.5231308
10602690,39.8778105,32.8211999
10602692,40.01922690000001,32.8630649
10602693,39.9933036,32.5952415
10602700,39.9515559,32.5747681
10602701,39.9887184,32.8910054
10602715,39.961122,32.582339
10602719,39.9778472,32.8187253
10602731,39.9488435,32.5866422
10602738,39.9430172,32.6460456
10602740,39.9933036,32.5952415
10602741,39.99088769999999,32.5834908
10602742,39.9575098,32.5941972
10602750,39.993805,32.6143882
10602751,39.9732647,32.575531
10602752,39.95142,32.58309
10602755,39.9606431,32.591495
10602756,39.9845111,32.57708090000001
10602757,40.013601,32.5167824
10602761,40.012621,32.51586
10602762,39.965903,32.787149
10602764,39.94460060000001,32.5853469
10602766,39.9728547,32.6418745
10602767,39.9591799,32.5729025
10602768,39.9890668,32.5867605
10602779,39.9104081,32.7637933
10602782,40.0122971,32.5340635
10602787,39.945328,32.5683826
10602793,39.9533437,32.6306156
10602799,39.9321525,32.6116598
10602801,39.8914098,32.6168901
10602804,39.9941219,32.6205036
10602811,39.97173069999999,32.57351
10602819,39.9587718,32.5661688
10602822,39.95279499999999,32.573729
10602825,39.9604349,32.590441
10602832,39.9531087,32.5839333
10602838,39.9527366,32.5614277
10602860,39.954002,32.571808
10602861,40.0005267,32.9024466
10602862,39.9732448,32.6148441
10602864,39.964337,32.5923004
10602867,39.890877,32.819762
10602874,39.9410679,32.5911636
10602882,39.9433716,32.6492149
10602886,39.9396809,32.637113
10602888,39.9718611,32.6153768
10602889,39.99035000000001,32.585764
10602893,39.9448896,32.6392246
10602913,39.9432529,32.5782711
10602916,39.947397,32.560539
10602923,39.969756,32.5895875
10602924,40.0050675,32.5205763
10602942,39.9450389,32.6332919
10602951,39.94997300000001,32.560306
10602970,39.9186002,32.9154585
10602990,39.940028,32.613384
10602991,39.9663471,32.5925116
10602993,39.9422964,32.6550028
10603025,40.0029989,32.5299714
10603034,40.0078094,32.8690828
10603035,39.9423661,32.6545889
10603036,40.0140563,32.5118355
10603038,39.9559065,32.5961572
10603047,39.9494078,32.57571
10610750,40.0018462,32.5259042
10701705,39.8451842,32.9212265
10708349,39.9552735,32.6038737
10708985,39.9502953,32.6487105
10709777,39.9448201,32.8996581
10903709,39.9999464,32.5959481
10904089,39.9431504,32.6548506
10904316,39.86308,32.6523358
26000043,39.9514162,32.5660247
26000044,39.9498156,32.8774906
26000047,39.9361225,32.5913093
26000048,39.9307982,32.8560147
26000052,39.9581975,32.5944685
26000053,39.976131,32.815322
26000091,39.9517966,32.5675288
26000103,40.0026998,32.8822555
26000104,39.9629209,32.6047057
26000113,39.952758,32.5844568
26000114,39.9488732,32.583094
26000115,39.957202,32.5852806
26000116,40.0074931,32.5167538
26000117,39.9519042,32.6341488
26000121,39.9415892,32.6445405
26000124,39.954015,32.5862894
26000128,39.9506197,32.5833489
26000130,39.9750187,32.7121037
26000139,39.9790637,32.7096666
26000178,40.0210825,32.5198157
26000180,39.959264,32.581974
26000182,39.9519179,32.5821406
26000182,39.9522106,32.5824976
26000183,39.9580651,32.5836241
26000219,39.9510836,32.6474684
26000224,39.9452152,32.5767201
26000232,39.9709343,32.5715079
26000234,40.0079494,32.8543127
26000237,39.9596287,32.555301
26000245,39.9461392,32.5789041
26000247,39.9463381,32.5647306
26000248,39.9429136,32.5889868
26000250,39.9906774,32.8870725
26000264,39.9459319,32.6340241
26000268,39.9461062,32.567413
26000271,40.0177107,32.52823
26000273,39.9709701,32.6157054
26000275,39.9462355,32.6308769
26000285,39.950198,32.5645219
26000299,39.9481961,32.65003670000001
26000301,39.97060949999999,32.935475
26000316,39.9509566,32.6457479
26000321,39.9708232,32.5941336
26000322,39.9657618,32.5983477
26000327,39.9602929,32.5559411
26000448,39.97173069999999,32.57351
26000456,40.000699,32.526214
26000462,39.97065389999999,32.5969907
26000508,39.9660589,32.5888145
26000511,39.8544476,32.424074
26000520,40.0240343,32.5231308
26000572,39.9855551,32.6094845
26000721,39.9632919,32.5736678
26000801,39.9928359,32.5936596
26000802,39.9519121,32.5970955
26000805,39.954293,32.572107
26000811,39.9409673,32.6448904
26000816,39.9583197,32.5987498
26000825,40.0014617,32.6127313
26000859,39.9467339,32.5682815
26000874,39.9510453,32.646729
26000878,40.007935,32.525855
26000932,39.9485977,32.5651357
26000933,39.9471044,32.6555213
26000935,39.9570319,32.5808066
26000937,39.952109,32.6125001
26000952,39.96847289999999,32.5943349
26001371,39.9498558,32.6315839
26001379,39.9585801,32.5945101
26001380,39.9511314,32.5702275
26001545,39.9467596,32.6377497
26001851,39.9532674,32.5980683
26001852,39.9174318,32.8552056
26001867,39.9896401,32.5620219
26002047,39.9578215,32.5969138
26002049,39.9619798,32.5781866
26002051,39.9718485,32.78737410000001
26002183,39.9620246,32.6973386
26002189,39.941876,32.5850818
26002190,39.9706574,32.5829999
26002218,39.9496091,32.6158006
26002385,39.950695,32.7266077
26002812,39.950729,32.574854
26002815,39.964247,32.5892211
26002924,39.9412154,32.565374
26003058,39.99326689999999,32.5633523
26003069,39.956077,32.616545
26003074,39.9530669,32.5860191
26003320,39.9546515,32.5722184
26003324,39.9467177,32.6547194
26003325,39.9707719,32.57641
26003328,39.950171,32.559246
26003332,39.9681308,32.5941917
26003605,39.9532674,32.5980683
26003820,40.0240343,32.5231308
26003952,39.944273,32.6357736
26004138,39.99132590000001,32.8562088
26004153,39.9490365,32.634093
26005104,40.0059687,32.5179371
26005587,39.9012537,32.8552056
26005961,39.9829295,32.5777889
26005995,39.983283,32.56829
26005996,39.9321525,32.6116598
26005998,39.9533286,32.6123781
26006001,39.9461369,32.6459654
26006011,40.0149103,32.5172847
26006012,40.0240343,32.5231308
26006021,39.9671067,32.6008267
26006029,39.960918,32.577196
26006030,39.8544476,32.424074
26006034,40.0196598,32.528617
26006036,39.9556311,32.573568
26006037,39.7805245,32.7181375
26006038,39.9589526,32.5838041
26006040,39.9589289,32.5780996
26006042,40.0037296,32.5183547
26006043,39.998078,32.872488
26006054,39.9526755,32.6286592
26006058,39.957157,32.5824594
26006060,40.0140001,32.8097661
26006063,39.9933036,32.5952415
26006064,39.9484759,32.6358015
26006068,39.9446477,32.6634742
26006069,40.0349746,32.7675086
26006076,39.9697799,32.5564078
26006078,39.900561,32.6447001
26006081,40.015192,32.534674
26006083,39.9537675,32.7589733
26006088,40.0079494,32.8543127
26006093,39.9490878,32.5736171
26006408,39.8346129,32.6051351
26006432,39.953012,32.665073
26006461,40.0048884,32.5205589
26006550,40.0066653,32.5214487
26006591,40.018013,32.8669307
26006592,39.941619,32.604182
26006794,39.99087100000001,32.585988
26006801,40.0037296,32.5183547
26006805,39.9165894,32.9416436
26007311,39.9592238,32.5804268
26007314,39.9648963,32.5922186
26007317,39.8544476,32.424074
26007318,39.93922800000001,32.579628
26007319,39.995496,32.563134
26007328,39.9941132,32.5926629
26007329,39.9610242,32.5883996
26008300,39.9641698,32.9376724
26008302,39.9664053,32.5968945
26008304,39.946815,32.6199168
26008305,39.98474090000001,32.5793423
26008436,39.9586145,32.561965
26008438,39.985886,32.561653
26008439,39.9345607,32.8942785
26009022,39.9307733,32.6118157
26009024,40.0088896,32.5253362
26009277,39.9746677,32.8070391
26009280,39.9356167,32.5829842
26009282,39.9601543,32.5716584
26009285,39.9893272,32.5089856
26009288,39.9947658,32.59436
26009292,39.9458404,32.6501483
26009298,39.9352297,32.6557515
26009299,39.9608511,32.5886134
26009321,40.00753,32.8679879
26009329,39.9598883,32.5746635
26009330,39.9521305,32.5646968
26009434,39.945856,32.5678509
26009445,39.9961911,32.6021775
26009449,39.9692508,32.809725
26009455,39.9619745,32.5721707
26009457,39.9569933,32.5608842
26010037,39.9592382,32.5905562
26010044,39.9691238,32.5842617
26011916,39.9798698,32.6239244
26011982,39.9672554,32.8012425
26013552,39.9476837,32.6527547
26013744,39.973408,32.6299813
26015779,39.949527,32.6515805
26015787,39.9919867,32.5602087
26016754,39.9435706,32.6348369
26016755,40.0096889,32.8451159
26016756,39.940644,32.663824
26016757,39.9114098,32.8717518
26016940,39.9312872,32.612238
26017161,39.9617613,32.5656017
26017162,39.8544476,32.424074
26017163,40.006983,32.5196557
26017164,39.9505101,32.5650689
26017687,39.9300463,32.6023084
26018471,39.895584,32.801353
26018472,39.9803189,32.6437352
26019444,39.9532674,32.5980683
26019446,39.9533396,32.6293114
26019448,39.9443941,32.6295853
26019456,40.0095236,32.5159537
26019466,39.945328,32.5683826
26019469,39.9670865,32.5980683
26019471,39.8544476,32.424074
26019475,39.94151129999999,32.6513947
26019478,39.962468,32.6914019
26019478,39.9614108,32.6019804
26019479,39.959839,32.7906369
26019481,39.9404377,32.5713155
26019482,40.013601,32.5167824
26019484,39.9461176,32.5965888
26019489,39.95846400000001,32.578251
26019490,39.997158,32.6343909
26019491,39.9980052,32.8493458
26019494,39.9832323,32.5796924
26019496,39.9890668,32.5867605
26019500,39.9492745,32.6545889
26019503,39.94460060000001,32.5853469
26019506,40.0130667,32.5344155
26019512,40.018497,32.5376063
26019513,39.8544476,32.424074
26019514,39.9867988,32.7847733
26019517,39.9331863,32.6362231
26019518,39.9957634,32.5217792
26019523,39.975425,32.780078
26019526,39.9946562,32.8056285
26019529,40.017814,32.53091
26019530,39.9345976,32.6582273
26019536,39.955488,32.555133
26019537,39.9534848,32.5916809
26019540,39.9935569,32.52463360000001
26019542,39.9124056,33.0563914
26019544,39.9872877,32.6056651
26019548,40.0020237,32.599186
26019557,39.9971789,32.5836665
26019558,40.017814,32.53091
26019560,39.889131,32.88623
26019562,39.96574,32.5877946
26019563,39.9790306,32.7211374
26019565,39.9987679,32.5979454
26019566,40.0129693,32.8732563
26019570,39.9466282,32.5853535
26019571,40.0092739,32.5125585
26019573,39.9120322,32.9114296
26019574,39.9594256,32.55621
26019575,39.9506255,32.6446663
26019577,39.9300463,32.6023084
26019580,39.967187,32.5920665
26019586,39.9459969,32.6455481
26019590,39.95157349999999,32.6017342
26019597,40.0122971,32.5340635
26019599,40.0025255,32.5180733
26019605,39.949385,32.6258849
26022627,39.9437452,32.5918366
26022633,39.9559585,32.568979
26022634,39.960764,32.577421
26022635,39.9439993,32.5783892
26023163,39.9635482,32.5742938
26023174,39.9803345,32.706159
26023180,39.9764592,32.8537082
26023181,39.9568021,32.5942132
26023194,39.97789239999999,32.5600147
26023204,39.9506906,32.6206516
26023208,39.9928663,32.7096666
26023212,39.9476123,32.6340945
26023216,39.93922800000001,32.579628
26023217,39.9815223,32.6132411
26023229,39.9521098,32.6351883
26023236,39.9643386,32.5765279
26023249,39.9417531,32.6491313
26023265,39.9408598,32.6561987
26023288,39.9794537,32.6010518
26023293,39.9956708,32.5143028
26023296,39.9486265,32.5871836
26024475,39.9471915,32.6031918
26025532,39.9403221,32.8854758
26026458,40.015399,32.8659899
26026459,39.90936749999999,32.9001397
26026463,39.997524,32.618906
26026467,39.9911547,32.6093749
26026473,39.9998449,32.5201421
26026712,40.0104314,32.5189067
26027500,39.9525541,32.6318509
26027573,39.9529515,32.57649480000001
26027583,39.8346129,32.6051351
26027591,39.9508991,32.6480132
26027613,40.0113643,32.5245904
26027681,40.0084127,32.8705849
26027686,39.959338,32.5722464
26027714,39.947559,32.666821
26027804,39.95049179999999,32.5709683
26027805,39.967574,32.785575
26027940,39.9576462,32.5860068
26028036,39.9905594,32.8098316
26028045,39.9387068,32.6509605
26028172,39.9696099,32.731561
26028465,39.9671205,32.8737965
26028609,39.94460060000001,32.5853469
26028890,40.0072665,32.5318477
26030144,39.82721470000001,32.7129711
26031001,39.9587249,32.8360589
26031004,39.9637818,32.5931301
26031007,39.949152,32.5747799
26031008,39.9499853,32.5725341
26031011,40.0240343,32.5231308
26031012,39.999767,32.839494
26031014,39.9276534,32.8884265
26031015,39.9898211,32.6163328
26031022,39.9606412,32.5889406
26031024,39.9266926,32.9000904
26031113,39.9470062,32.6362231
26031188,39.95868280000001,32.5911481
26031856,39.9492745,32.6545889
26031966,39.99442519999999,32.7233261
26032001,39.9804009,32.7992806
26032009,39.949622,32.575695
26032683,39.9521635,32.61004
26033235,40.0101875,32.5183752
26033259,39.945328,32.5683826
26033341,39.98591070000001,32.5627145
26033630,40.0182279,32.8497064
26034041,39.9650216,32.5905396
26034043,39.958249,32.566287
26034065,39.951307,32.6390268
26034076,39.9917766,32.8065936
26034087,40.0206264,32.5318241
26034103,39.950797,32.562028
26034108,39.9719811,32.5747052
26034117,39.9539955,32.5629179
26035871,39.96639160000001,32.8693394
26035881,39.9146175,32.857836
26035884,39.9931485,32.5811061
26035887,40.0102892,32.5282082
26035921,39.9925943,32.5837805
26035937,39.902422,32.7049499
26035945,40.0078094,32.8690828
26036725,40.0080671,32.5088103
26037040,39.9457622,32.637498
26037046,40.0181863,32.5305792
26037052,39.9527749,32.5941459
26037089,39.95484570000001,32.5411368
26037091,39.9538035,32.61155919999999
26037275,39.8936286,32.8013968
26037972,39.969554,32.5756901
26038690,39.967231,32.596607
26039870,39.9811296,32.655348
26040371,39.9866389,32.657551
26044414,39.9985153,32.8392097
26044419,40.0030176,32.5186065
26044428,39.9545619,32.5698223
26044430,39.9527346,32.5666379
26044445,39.9508906,32.6357709
26044457,39.94460060000001,32.5853469
26044466,39.9670865,32.5980683
26044472,40.0053255,32.517875
26044496,39.94460060000001,32.5853469
26044503,40.005758,32.520682
26044510,39.987286,32.576886
26044527,39.9893272,32.5089856
26044545,40.01143039999999,32.5114994
26044835,39.9283587,32.5803981
26044858,40.0191225,32.5115265
26044967,39.9547179,32.5994437
26044981,40.0029542,32.5158197
26045178,39.9497121,32.5724545
26045207,39.9532674,32.5980683
26045210,39.922915,32.8999363
26045220,40.013601,32.5167824
26045222,39.9649576,32.6019834
26045227,39.9395249,32.6547277
26045240,39.9377269,32.5942151
26045247,40.02046000000001,32.5268292
26045264,39.9623436,32.6047583
26045267,39.95063469999999,32.6288677
26045277,40.0190344,32.3107517
26045279,39.95263449999999,32.5745272
26045292,39.95044740000001,32.6279884
26045572,39.9462322,32.6713628
26046783,39.9726525,32.5746648
26046784,39.984175,32.85661
26046786,39.955677,32.727136
26046797,39.9544856,32.6176931
26046802,39.9692014,32.78432220000001
26046818,40.003436,32.8882764
26049496,39.9819781,32.6786008
26049499,39.8571568,32.7237843
26049651,39.9461826,32.6508966
26049797,39.9988693,32.8766415
26049800,39.9517816,32.6679639
26049804,39.9842842,32.6386577
26049808,39.9709809,32.5815336
26049810,39.9589138,32.5665332
26049813,40.0146136,32.5178505
26049816,39.9545619,32.5698223
26049822,39.9618636,32.5992166
26049823,39.9842432,32.5639675
26049825,39.9599461,32.5924752
26049830,39.9588952,32.5892349
26049831,39.9719785,32.5809533
26049834,39.9561228,32.5689712
26050125,39.945644,32.651316
26050279,39.9679912,32.6574042
26052254,39.9393199,32.6631345
26052255,39.9427005,32.6644769
26052258,39.9561228,32.574525
26052260,39.9386914,32.6374068
26052261,39.9543743,32.5890091
26052262,39.9596595,32.5810166
26052270,39.9742659,32.9119703
26052271,40.0208511,32.5213269
26052272,39.94460060000001,32.5853469
26052273,39.9908082,32.8016602
26052274,39.959515,32.5762914
26052276,39.9545619,32.5698223
26052277,40.0240343,32.5231308
26052281,39.9584883,32.5944022
26052284,39.9703578,32.7053834
26052290,39.94362750000001,32.6432873
26052291,39.98289949999999,32.8624083
26052294,39.9958921,32.5806871
26052300,39.9283075,32.5712101
26052302,39.9439706,32.593298
26052303,39.9540554,32.559952
26052305,40.0204805,32.5344456
26052306,39.9947425,32.8230541
26052308,39.9643749,32.60004
26052309,39.9883083,32.862201
26052312,39.960892,32.563437
26052314,40.0321634,32.8850429
26052315,39.954901,32.5542112
26052319,39.9610533,32.5933421
26052320,39.9670865,32.5980683
26052322,40.01833,32.5499
26052325,40.0367161,32.766392
26052327,39.9459244,32.6539964
26052392,39.8612552,32.541087
26052394,39.9589975,32.5632562
26052399,39.9560573,32.5542982
26052400,40.0041254,32.5314377
26052401,40.0482492,32.8426355
26052402,40.0394137,32.8454274
26052403,39.96979,32.585973
26052405,39.96372,32.723278
26052407,39.9891686,32.5974056
26052411,40.0004942,32.6024757
26052414,39.9509038,32.5686771
26052415,39.95630939999999,32.5965224
26052416,39.966028,32.5840277
26052418,39.9532674,32.5980683
26052420,40.017814,32.53091
26052425,39.8544476,32.424074
26052426,39.9998447,32.6170767
26052427,39.95944799999999,32.566375
26052431,40.013601,32.5167824
26052437,39.94460060000001,32.5853469
26052438,39.99082900000001,32.597229
26052439,39.99832869999999,32.6049253
26052440,39.9586376,32.5818967
26052441,39.95453699999999,32.5622619
26052451,39.8869331,32.7982891
26052452,39.9888938,32.8488099
26052454,39.950565,32.598452
26052456,40.0193611,32.5323544
26052458,39.9757457,32.6107881
26052461,39.93757189999999,32.8803594
26052465,40.0098993,32.5253215
26052467,39.9429062,32.6462965
26052470,39.944333,32.6485119
26052472,39.9587693,32.5729277
26052475,39.9551953,32.5606749
26052478,39.9441654,32.5659221
26052480,39.9654456,32.5833614
26052484,39.9910896,32.5753411
26052486,39.9852417,32.6129317
26052487,40.004729,32.878411
26052493,39.96040319999999,32.5569828
26052495,40.0132756,32.5153157
26052497,39.9774716,32.8831633
26052498,39.953962,32.595458
26052499,39.9593981,32.574571
26052500,40.0037296,32.5183547
26052501,39.9938107,32.8054972
26052502,39.9618626,32.582374
26052511,39.96391879999999,32.6025293
26052514,39.9491351,32.630099
26052516,39.9805101,32.8316829
26052517,39.9681331,32.6035672
26052520,39.9283075,32.5712101
26052521,39.9380384,32.6512806
26052524,39.982717,32.8497621
26052529,39.960956,32.59443100000001
26052530,39.9226514,32.9117289
26052531,39.8544476,32.424074
26052534,39.8544476,32.424074
26052535,39.8055024,32.5655549
26052539,39.9531087,32.5839333
26052540,39.9615237,32.6048422
26052541,39.9572589,32.6475256
26052542,39.977379,32.77994
26052543,39.9281381,32.6410267
26052545,39.8544476,32.424074
26052546,39.9577347,32.5902702
26052549,39.9933036,32.5952415
26052553,40.0203225,32.5223649
26052558,39.9834433,32.5796307
26052564,39.9378303,32.6415612
26052570,39.9317415,32.6517636
26053326,39.9409534,32.9008597
26055772,39.88119349999999,32.7492385
26056408,39.9769931,32.7285485
26056417,39.9882959,32.5715365
26056427,40.0096889,32.8451159
26056429,39.8544476,32.424074
26056435,39.9344764,32.6413868
26056436,40.0087982,32.5265149
26056437,39.9984955,32.6000383
26056438,39.9709226,32.5722441
26056440,39.9454182,32.5630126
26056449,39.9557182,32.5585126
26056450,39.9462047,32.574644
26056457,39.8544476,32.424074
26056461,39.9500351,32.6627729
26056462,39.9588939,32.5697282
26056463,39.9498305,32.5767549
26056471,39.987917,32.8521656
26056484,40.0188054,32.5323938
26056489,39.9995568,32.5570715
26056501,39.97159,32.583929
26056503,39.94886899999999,32.577917
26056511,39.9847436,32.5655427
26056512,39.9423297,32.653538
26056519,39.9528473,32.6116969
26056536,39.9573596,32.5816077
26056539,39.96648709999999,32.6007037
26056541,39.8544476,32.424074
26056555,39.9502795,32.5981759
26056565,40.0120668,32.9015721
26056566,39.9525724,32.595606
26056575,39.8791731,32.6963665
26056576,40.004239,32.8743248
26059089,39.967589,32.5839151
26059093,39.9899576,32.5714289
26059098,39.9542445,32.5956648
26059113,39.9964335,32.8517729
26059119,39.9515976,32.585611
26059135,39.984048,32.575942
26059139,39.956122,32.564709
26059148,39.9096062,32.9799426
26059172,40.0127973,32.8606246
26059176,39.9842432,32.5639675
26059177,39.9476567,32.6662204
26059192,39.953069,32.561189
26059194,39.95458199999999,32.5693289
26059458,39.9882959,32.5715365
26060471,39.9581957,32.9634852
26060509,39.9574771,32.5680153
26060527,39.9631029,32.6019254
26060532,39.9351332,32.6492307
26060542,39.978353,32.61527
26060549,39.982757,32.577125
26060563,39.9820976,32.7568727
26061053,39.9588885,32.5749222
26061067,39.969756,32.5895875
26061069,39.99310819999999,32.5760305
26061084,39.96864,32.9426329
26061473,39.9522749,32.6310777
26061477,39.9863229,32.5649896
26061486,39.9525002,32.6117146
26061515,39.9923532,32.5561933
26061572,39.9512878,32.5762914
26061610,40.0055047,32.5158598
26061620,39.94460060000001,32.5853469
26061623,39.8346129,32.6051351
26061650,40.0136788,32.5187689
26063077,39.9511798,32.5910161
26063082,39.9943119,32.5906729
26063118,39.9524169,32.722041
26063121,40.002779,32.8268591
26063154,39.9328457,32.6405528
26063209,39.964169,32.595918
26063210,39.991477,32.641761
26063219,39.9544917,32.5641081
26064161,39.9534658,32.6133445
26064164,39.976083,32.813236
26064545,39.88568160000001,32.6203426
26064550,39.90601970000001,32.98077370000001
26067284,39.9711914,32.6576985
26068169,39.9583833,32.5976613
26068171,39.9555916,32.5839514
26070446,39.97978000000001,32.641431
26070730,40.0188054,32.5323938
26070841,39.8807872,32.7497408
26071091,39.9555416,32.707474
26071251,39.9726525,32.5746648
26071267,39.9365372,32.59611840000001
26071285,39.963721,32.591706
26071286,39.9650445,32.5771983
26071305,39.9931614,32.8048333
26071358,39.96652,32.597726
26071359,39.9522749,32.6310777
26071362,39.9397569,32.6528026
26071418,39.9726084,32.8352455
26071518,39.8925348,32.8377658
26071841,39.8471994,32.5546271
26071850,40.03098800000001,32.378292
26071857,39.9503861,32.6343117
26072208,39.978009,32.862139
26072218,39.949453,32.620066
26072232,39.9462761,32.5670925
26072247,39.9524502,32.6437012
26072263,40.0052411,32.8595814
26072292,40.0105907,32.8770187
26072299,39.9235362,32.850263
26072308,39.969554,32.5756901
26072310,39.9980414,32.6049306
26072314,39.954129,32.580113
26072345,39.9580565,32.5686236
26072376,39.9721984,32.8503522
26073381,40.0213918,32.5291261
26073930,39.9023228,32.8543921
26074242,39.9180109,32.8218853
26074336,39.9706637,32.7261408
26074542,39.967316,32.8593758
26075296,39.899684,32.9166357
26075724,39.97978000000001,32.641431
26075950,39.9923989,32.8380657
26077305,39.9647919,32.6594302
26077312,39.8544476,32.424074
26077313,39.9444919,32.6092907
26077314,39.9670865,32.5980683
26077324,39.9535994,32.5859931
26077326,39.9308859,32.6363874
26077331,39.757964,32.653587
26077333,39.7521727,32.7674041
26077334,39.9331863,32.6362231
26077336,39.9477433,32.6192672
26077337,39.9588076,32.5584854
26077338,39.9546679,32.5789837
26077340,39.9596538,32.5924145
26077353,40.0105826,32.8537239
26077358,39.9863148,32.6071261
26077364,39.9431586,32.5758379
26077410,39.9888643,32.6535256
26077411,39.9663878,32.5983018
26077415,39.9470979,32.6373801
26077418,39.8544476,32.424074
26077420,39.9304156,32.648959
26077426,40.0040539,32.8674737
26077430,39.9545851,32.591545
26077434,39.95240829999999,32.6675717
26077441,39.9422321,32.6437828
26077453,39.9480814,32.6291585
26077455,40.00495000000001,32.52553
26077457,39.948056,32.5962428
26077458,39.8544476,32.424074
26077468,39.9601061,32.5819837
26077480,39.9696099,32.731561
26077481,39.9542949,32.5930626
26077483,39.9715353,32.5839333
26077491,39.9547258,32.5641411
26077495,39.9995568,32.5570715
26077496,39.9612392,32.5938958
26077501,39.9462402,32.86206689999999
26077502,39.9969377,32.8119288
26077512,39.9608446,32.5681704
26077514,39.94562,32.5671676
26077520,39.9931485,32.5811061
26077685,39.947786,32.634167
26077686,39.9985153,32.8392097
26077690,40.0183781,32.5118148
26077692,40.0062874,32.5170012
26077694,39.9333635,32.8597419
26077695,39.9333635,32.8597419
26077706,39.945328,32.5683826
26077707,40.0347414,32.564986
26077738,39.9487063,32.648407
26077739,39.9890668,32.5867605
26077883,39.966751,32.584229
26077885,39.9557187,32.5841259
26077887,39.9964786,32.5804343
26077891,39.955453,32.5772535
26077895,39.9715353,32.5839333
26077899,39.9448445,32.564191
26078025,40.03320679999999,32.850257
26078035,39.9849066,32.7085503
26078037,40.0116868,32.5104988
26078039,39.967589,32.5839151
26078044,39.9503861,32.6343117
26078066,39.9523055,32.6319501
26078067,39.9553909,32.5919507
26078069,39.9939045,32.5947987
26078070,39.9012372,32.9691183
26078074,39.9532674,32.5980683
26078077,39.9207034,32.8862487
26078080,39.9579795,32.5801613
26078082,39.9580379,32.5627611
26078096,39.9437203,32.6523676
26078101,39.9528473,32.6116969
26078102,39.8544476,32.424074
26078106,39.9609088,32.5811061
26078109,39.992645,32.587248
26078111,39.9521543,32.6403924
26078112,39.9680467,32.5963073
26078114,39.9508164,32.5892362
26078118,39.9599461,32.5924752
26078119,39.9545851,32.591545
26078127,39.967891,32.659491
26078134,39.9712389,32.5863318
26078147,39.940339,32.6591103
26078150,39.9547258,32.5641411
26078152,39.954205,32.5962988
26078153,40.0193611,32.5323544
26078157,39.9596538,32.5924145
26078158,40.007965,32.5319164
26078161,39.9545513,32.5645059
26078166,39.9480814,32.6291585
26078168,39.9157116,32.9219309
26078169,39.9020774,32.7050051
26078173,39.9940998,32.8858266
26078178,39.9651779,32.7889575
26078179,39.962029,32.81657
26078180,39.9512548,32.8813615
26078182,39.9989509,32.5247638
26078190,39.9578046,32.5981375
26078195,39.9088051,32.9293128
26078196,39.9727191,32.5725477
26078197,39.9545115,32.6107001
26078207,39.9580379,32.5627611
26078217,39.9644956,32.5983847
26078223,39.9669067,32.5721672
26078227,39.9446405,32.6467939
26078229,39.8544476,32.424074
26078231,39.973159,32.6160947
26078242,39.9532674,32.5980683
26078243,39.954901,32.5542112
26078330,39.9463025,32.644991
26078440,39.9935491,32.5730527
26078441,39.9546392,32.5987473
26078444,39.9544917,32.5641081
26078447,39.94073909999999,32.647371
26078460,39.9463937,32.6318787
26078462,39.95063469999999,32.6288677
26078463,39.949264,32.5745573
26078467,40.0101188,32.5197935
26078469,39.8544476,32.424074
26078526,39.9567734,32.5641094
26078531,39.9585656,32.5951423
26078532,39.9547258,32.5641411
26078533,39.9664948,32.5928156
26078540,39.945328,32.5683826
26078551,39.9991899,32.5193127
26078554,39.8544476,32.424074
26078557,39.9470062,32.6362231
26078559,39.9480814,32.6291585
26078560,39.9338519,32.6491431
26078564,39.9940536,32.8407476
26078569,39.9852667,32.5717955
26078570,40.018046,32.5264424
26078573,40.0087766,32.5155111
26078575,39.9440368,32.5769818
26078577,40.0023793,32.8764372
26078618,39.9502315,32.6255321
26078619,39.939914,32.643745
26078620,39.88749139999999,32.8352455
26078621,39.96742,32.594064
26078622,39.999663,32.874646
26078623,39.945328,32.5683826
26078624,39.9885657,32.8478577
26078625,40.0038005,32.530309
26078628,39.9933036,32.5952415
26078629,39.9129599,32.8946504
26078630,39.9899576,32.5714289
26078631,39.9468047,32.5651612
26078632,40.006275,32.848898
26078636,39.9967755,32.522291
26078638,39.991651,32.574421
26078639,40.0046837,32.5212653
26078640,39.9546085,32.5879322
26078641,39.946401,32.657509
26078642,39.9670865,32.5980683
26078643,39.9920195,32.8020086
26078644,40.0244784,32.8563952
26078645,39.9610652,32.5670599
26078647,39.945328,32.5683826
26078650,39.8544476,32.424074
26078651,39.9987507,32.8314602
26078653,39.9907557,32.7953016
26078654,39.9862099,32.8023371
26078658,39.986718,32.59984
26078702,39.8544476,32.424074
26078719,39.989087,32.5656683
26078796,39.9862498,32.597076
26078797,39.8544476,32.424074
26078798,40.0012999,32.8859881
26078812,39.9954081,32.5237084
26078815,39.9689425,32.5858998
26078816,39.9966842,32.8281946
26078818,40.007643,32.873182
26078822,39.9580218,32.5565266
26078825,40.0037296,32.5183547
26078826,40.00360800000001,32.6083248
26078920,39.9819781,32.6786008
26079126,39.9698979,32.6342088
26079434,40.0048786,32.640817
26079447,39.9742279,32.869039
26079517,39.9025173,32.8057286
26079604,39.9994282,32.6285634
26079736,40.002633,32.521944
26079820,39.9581957,32.9634852
26079822,39.9446732,32.575906
26079823,39.8544476,32.424074
26079824,39.9776956,32.5945886
26080187,39.9588076,32.5584854
26080198,39.9426275,32.5865838
26080201,40.0182279,32.8497064
26080217,39.9815223,32.6132411
26080238,39.9590287,32.5537968
26080240,39.8853036,32.8232147
26080936,39.7887308,32.8295055
26080941,39.9804782,32.6479191
26081614,39.9719137,32.5723193
26082088,39.9651506,32.9138078
26082126,39.9954082,32.8703972
26082549,39.8845495,32.8155018
26083197,39.945328,32.5683826
26083202,39.9560748,32.7314821
26083317,39.9085881,32.8656558
26083504,39.8544476,32.424074
26083505,39.9415379,32.5958149
26083858,39.892558,32.832338
26083944,40.0183781,32.5118148
26084218,39.9914335,32.8625552
26084809,39.9271146,32.8126602
26085431,39.98351,32.6494747
26087400,39.9741185,32.8880592
26088246,39.9651529,32.5888215
26088263,39.88582,32.816244
26088704,39.8965922,32.848243
26089215,39.97876,32.6105099
26089217,39.8351161,32.6998107
26091894,39.916704,32.801036
26094046,39.9856957,32.6292581
26094340,39.9749873,32.6445264
26094591,39.9552509,32.7957543
26096058,39.829063,32.7175454
26096197,40.0394724,32.7678626
26096252,39.9610652,32.5670599
26096256,39.9522749,32.6310777
26096259,39.9451665,32.5671123
26096446,39.9265795,32.8859972
26097056,39.8966536,32.7985414
26097085,39.8923986,32.7957216
26097322,39.9880919,32.8801831
26097548,39.8850339,32.6594463
26097568,39.950565,32.598452
26097879,39.956181,32.83598
26098445,39.9258475,32.8252262
26098451,39.8911407,32.6980869
26098588,39.8571568,32.7237843
26099306,39.731614,32.538925
26099529,39.9901463,32.6277526
26100025,39.9757457,32.6107881
26100520,40.00648,32.6478783
26100813,39.9271541,32.8151399
26101242,39.976464,32.629898
26101255,39.9174894,32.8193765
26101271,39.968624,32.872561
26101471,39.890757,32.67674600000001
26101473,39.88983820000001,32.780086
26101477,39.870567,32.816762
26101507,39.8970259,32.87079500000001
26101533,39.974487,32.619833
26101773,39.8887695,32.6834667
26101774,39.9101741,32.8707678
26101950,39.8512298,32.6869315
26102172,39.8525435,32.8601942
26102255,39.97876,32.6105099
26102307,39.972484,32.651214
26102751,39.8897009,32.7520139
26103285,39.88181609999999,32.8679062
26103654,39.9795896,32.6594006
26103834,39.8451842,32.9212265
26104740,39.96574,32.5877946
26104741,39.9705935,32.572683
26104742,40.0018267,32.8442573
26105821,39.88875360000001,32.6182279
26106793,39.9596538,32.5924145
26106796,39.9593981,32.574571
26106797,40.0043224,32.5145976
26106869,39.9583833,32.5976613
26106874,39.8544476,32.424074
26106875,40.0132756,32.5153157
26106876,40.0041283,32.5321583
26106909,39.9701587,32.5974578
26107160,40.0060645,32.8433228
26107161,39.9903073,32.8032156
26107162,39.970912,32.577528
26107163,39.9551849,32.5920361
26107164,39.9415379,32.5958149
26107166,39.9845954,32.6944347
26107167,39.9933036,32.5952415
26107169,39.945328,32.5683826
26107234,39.779293,32.505111
26107235,39.9060914,32.8750463
26107236,39.9477433,32.6192672
26107237,39.961557,32.5846769
26107240,39.9796736,32.591001
26107241,39.9283075,32.5712101
26107244,39.8544476,32.424074
26107246,39.9328457,32.6405528
26107249,39.9467135,32.6120247
26107250,39.970677,32.5932782
26107251,39.9914323,32.8834999
26107252,39.950956,32.6203555
26107254,40.0138928,32.8657013
26107256,39.95861379999999,32.5907543
26107257,39.9520739,32.5671322
26107261,39.9622532,32.578341
26107262,39.9968846,32.8510737
26107263,39.9321525,32.6116598
26107264,39.958758,32.5888433
26107265,39.9304877,32.6450452
26107266,39.9549107,32.8487361
26107267,39.9321525,32.6116598
26107268,39.8544476,32.424074
26107269,39.9670865,32.5980683
26107271,39.9724559,32.9608261
26107272,40.0178527,32.8562043
26107273,40.0029043,32.5163044
26107275,39.9344715,32.6202844
26107279,39.9779245,32.6452943
26107281,39.9480814,32.6291585
26107282,39.94362750000001,32.6432873
26107285,39.9470062,32.6362231
26107286,39.9995811,32.5984236
26107287,39.95309100000001,32.63299000000001
26107290,39.9159189,32.933906
26107291,39.9510577,32.5857624
26107292,39.9546392,32.5987473
26107295,39.9451027,32.6527701
26107299,39.9682353,32.6490698
26107301,39.95921939999999,32.5777778
26107303,39.9577946,32.6015234
26107306,39.9626469,32.5732785
26107308,39.9293142,32.6192672
26107309,39.8544476,32.424074
26107310,40.0150345,32.52862260000001
26107311,39.9476347,32.5627457
26107314,39.9276253,32.8985434
26107315,39.9780279,32.9253605
26107316,40.0031479,32.8831384
26107456,39.958447,32.9380603
26107458,39.9477433,32.6192672
26107459,39.9058976,32.966854
26107460,39.945328,32.5683826
26107467,39.9609088,32.5811061
26107468,40.003398,32.875207
26107473,39.9852532,32.5684354
26107474,40.0093152,32.904094
26107476,39.9466116,32.5883937
26107478,39.9470062,32.6362231
26107481,39.9834917,32.8430256
26107482,39.9593981,32.574571
26107483,39.9992013,32.601776
26107484,39.9976603,32.5965993
26107487,39.9337846,32.8925775
26108520,40.0083059,32.5389911
26108522,39.9726525,32.5746648
26108526,40.0055213,32.8852925
26108529,40.0202396,32.5229044
26108530,39.9697163,32.5922978
26108531,40.0156107,32.5241004
26108532,39.9423661,32.6545889
26108533,39.9683658,32.5683826
26108534,39.9418525,32.5679156
26108536,39.9508783,32.6438626
26108539,39.9893272,32.5089856
26108540,40.0156107,32.5241004
26108542,39.9272639,32.6471835
26108543,39.8544476,32.424074
26108544,39.950958,32.571237
26108545,39.9675442,32.5977328
26108546,39.8544476,32.424074
26108548,39.9548781,32.6139554
26108550,39.9124056,33.0563914
26108551,39.94460060000001,32.5853469
26108553,40.0177946,32.3292369
26108554,39.941113,32.5764001
26108557,39.9492488,32.560317
26108558,39.9574771,32.5680153
26108559,39.981799,32.817234
26108560,39.9995568,32.5570715
26108831,40.017814,32.53091
26108832,39.9848298,32.8431023
26108833,39.9515074,32.6327769
26108834,39.9540765,32.5572819
26108837,39.945328,32.5683826
26108838,39.9044132,32.9340439
26108840,40.0129334,32.740723
26108842,39.9596538,32.5924145
26108846,39.9549298,32.5813824
26111411,39.8131225,32.5773121
26112141,39.9832323,32.5796924
26112142,39.9547258,32.5641411
26112612,39.92042600000001,32.8028
26112614,39.8622381,32.6421789
26113105,39.918993,32.879437
26113239,39.939051,32.5911043
26113240,39.9545406,32.6167875
26113242,39.9561162,32.5945409
26113243,39.9999698,32.6139276
26113244,39.973172,32.577127
26113245,39.9758079,32.7290228
26113246,39.955233,32.568081
26113247,39.9559054,32.5674052
26113248,40.0103442,32.5122602
26113249,39.9331183,32.5929946
26113250,39.9677517,32.6041293
26113251,40.0126209,32.8598032
26113252,39.9757457,32.6107881
26113253,39.9646866,32.5885054
26113331,40.0240343,32.5231308
26113406,39.9424406,32.8968578
26113407,39.9832323,32.5796924
26113420,39.9364437,32.6139703
