pickup_point,latitude,longitude,employee_count
0,39.977314199999995,32.56137335,9
1,39.968236808333344,32.59628807500001,12
2,39.9893272,32.50898560000001,4
3,39.96920623846154,32.58810056923077,3
4,39.95579705,32.7085703,24
5,39.95267153333332,32.59919049166667,2
6,40.0051373,32.51864033333333,24
7,39.9781204,32.8951958,4
8,39.95599149655172,32.594175334482756,5
9,39.97555719,32.6109714,2
10,39.98236265714286,32.845184214285716,28
11,39.9888112,32.849407049999996,3
12,39.85444759999997,32.42407400000001,3
13,39.9603589,32.742676,8
14,39.95187428333334,32.58401081666667,7
15,39.95195105833334,32.61052496666667,2
16,39.8921541,32.7016155,2
17,39.997925824999996,32.875687049999996,6
18,39.8970734,32.691308,3
19,39.94397538,32.65210927333334,4
20,39.954867112500004,32.56263095416667,15
21,39.9782679,32.7299384,2
22,39.99389486666667,32.86989726666666,2
23,39.94128713333333,32.61553481666667,5
24,39.984557466666665,32.6134337,3
25,40.000424933333335,32.52719588333333,9
26,39.971939123999995,32.575494332000005,12
27,39.8801783,32.67473835,4
28,39.989998475,32.861102275,4
29,39.97503606666667,32.83201913333333,3
30,39.945851641666664,32.59426478333333,11
31,40.013207342857136,32.534712657142855,3
32,39.95047803333334,32.590659966666664,2
33,39.99673315,32.6518223,3
34,39.991934066666666,32.804720466666666,18
35,39.936264725,32.613588225,4
36,39.93940383636363,32.593770354545455,5
37,39.993164300000004,32.6429933,13
38,39.97938499999999,32.60306326,3
39,39.99703735,32.51718746666666,4
40,39.95524408666667,32.56902076000001,12
41,39.95944426666667,32.574970604166666,2
42,39.96372655,32.5735374375,2
43,39.94744739090909,32.65460207272727,7
44,39.93159791818182,32.611344836363635,6
45,39.96737196666666,32.58398408888889,5
46,39.96624706153846,32.60051030769231,22
47,39.94516983,32.646743,8
48,39.98912468571429,32.57345106428571,2
49,40.00496268888889,32.53116658888889,2
50,39.9394262625,32.6539887125,18
51,39.8640858,32.6499307,29
52,39.95543834666667,32.58651461333333,5
53,39.95794663333333,32.556165433333334,4
54,40.0099325,32.5011463,2
55,39.96188608333333,32.726845383333334,4
56,39.941841415384616,32.644483715384624,17
57,39.954608175000004,32.61427448333333,9
58,39.95062209999999,32.5699486,6
59,39.950336452631575,32.57493505263158,24
60,40.01982444285714,32.52761785714286,3
61,39.97114950909091,32.58359701818182,3
62,39.8139783,32.6560016,6
63,39.88368405,32.798575549999995,11
64,39.98337614999999,32.57903435714286,3
65,39.93235344285714,32.6495986,24
66,40.003708180000004,32.87563014,2
67,39.94544285882355,32.58588997058823,18
68,39.96496201111111,32.5887873,11
69,39.93842635,32.6207694,3
70,39.96529553076924,32.59347034615384,2
71,39.94583434444445,32.566675944444434,2
72,39.93392911666667,32.59329371666667,9
73,39.9575834,32.8579616,5
74,39.9723801,32.655280366666666,3
75,39.932722174999995,32.8588101,4
76,39.999404266666666,32.63128686666666,14
77,39.944681825,32.576760766666666,27
78,39.975999425,32.631469075,13
79,39.9804743,32.79751745,6
80,39.99244723076924,32.58304352307692,2
81,40.005946200000004,32.64552453333334,2
82,39.954560664285715,32.573368228571425,1
83,40.015347187500005,32.526600475,2
84,39.93131681666667,32.61996201666667,13
85,39.958654645454544,32.598737254545455,2
86,39.9875836,32.58185843333333,2
87,39.85176455,32.85829795,3
88,39.83785335,32.535399,8
89,39.99232462222222,32.563312055555556,2
90,39.9888858,32.65741979999999,3
91,39.99633815,32.582466475000004,2
92,39.8752019,32.7084065,6
93,39.9518037625,32.664960975,13
94,39.965704849999995,32.789302150000005,3
95,39.9795935,32.61296525,13
96,39.95495738571429,32.57889674285714,2
97,39.998517140000004,32.59689628,2
98,39.9633423,32.6136146,2
99,39.955371650000004,32.604184700000005,2
100,39.94557703333333,32.6318813,3
101,39.95126228181818,32.56508008181818,4
102,39.981377859999995,32.6414407,10
103,40.02273260769231,32.52247526153846,15
104,39.9702661,32.63615715,4
105,39.95968834642857,32.59115514285714,2
106,39.97481528,32.644160680000006,2
107,39.991254700000006,32.61772306666666,3
108,39.98874203333333,32.587483516666666,2
109,40.01877629285714,32.53202920714286,5
110,39.973761,32.604385,3
111,39.9512065375,32.6421758875,3
112,39.99918,32.8920229,3
113,39.99335296666666,32.556245,13
114,39.95924881818182,32.56618978636363,3
115,40.010542099999995,32.51274293333333,8
116,39.932046639999996,32.635776119999996,3
117,40.0175307,32.53893105,15
118,39.97901426666666,32.59219686666666,14
119,39.9727601,32.616999675,11
120,39.94897649090908,32.62799852727273,3
121,39.9447982,32.8912256,10
122,39.9933038,32.575261600000005,8
123,39.93494526,32.65695212,12
124,39.97050725,32.5568121,2
125,39.97028523,32.57056719,2
126,39.987458079999996,32.62709076,6
127,39.957323,32.8750852,7
128,39.9672597,32.6438754,12
129,39.99861412499999,32.602426162499995,2
130,39.95271181538462,32.6314313076923,6
131,39.9668566,32.65093055,5
132,39.99358804166666,32.59440371666667,5
133,40.008283383333335,32.84586936666667,3
134,39.943819033333334,32.603977566666664,4
135,40.003933175,32.5239648,9
136,39.94992338461539,32.63407273846154,3
137,39.9853024375,32.563615625,2
138,39.9878509,32.598078380000004,6
139,39.88024660000001,32.69736880000001,3
140,39.9104081,32.7637933,4
141,39.8346129,32.6051351,8
142,39.8570265,32.8314103,2
143,39.95023605555556,32.647820833333334,2
144,39.9747719,32.6921729,1
145,39.939395350000005,32.63830245,3
146,39.94077795,32.66345345,6
147,40.00938478333334,32.52515066666666,8
148,39.948555490000004,32.619455310000006,8
149,40.00620223333333,32.50787173333333,6
150,40.002028125,32.611548174999996,5
151,39.9708711,32.8962847,1
152,39.999400566666665,32.61795453333333,3
153,39.99517222,32.52337792,25
154,40.0096212,32.6230276,1
155,39.9962033,32.86268135,4
156,39.93310043333333,32.89302596666666,14
157,39.98504274,32.56922076,2
158,39.95956176666666,32.582004866666665,9
159,39.945895566666664,32.60990183333334,1
160,40.01256501666667,32.5167982,7
161,39.9635309,32.578004119999996,15
162,39.946477699999996,32.66649764,5
163,39.9418175,32.56960162,1
164,39.981198750000004,32.75571655,1
165,39.9753883,32.806539,1
166,39.94612580909091,32.636688945454544,1
167,39.9013082,32.6262258,1
168,39.9287212,32.8766602,1
169,39.924790550000004,32.89992175,11
170,39.9672677,32.7843182,1
171,39.99712415,32.8137688,1
172,39.9426598,32.5875379,2
173,39.9633488,32.6988147,2
174,39.9920081,32.73174,1
175,40.01088726666667,32.53006376666667,1
176,39.9931767,32.61144186666667,1
177,40.0029586,32.60019455,2
178,39.9122078,32.8988819,1
179,39.966097649999995,32.8031725,1
180,40.0103366,32.6616518,1
181,39.942297350000004,32.89847605,1
182,39.962490075,32.602767175,1
183,39.933426075,32.64070205,1
184,40.00693308,32.868536240000005,2
185,39.85932255,32.64264395,1
186,39.8778105,32.8211999,2
187,40.01861995,32.8649978,1
188,39.991231975000005,32.8868511,2
189,39.97796505,32.816129325,14
190,39.88861500000001,32.618486866666665,1
191,40.0005267,32.9024466,2
192,39.890877,32.819762,5
193,39.94919745,32.560102,10
194,39.920625799999996,32.9135937,1
195,39.8451842,32.9212265,1
196,39.950535200000004,32.87942605,1
197,40.00322098,32.88499018,1
198,39.9750187,32.7121037,1
199,39.98143493333333,32.7081253,1
200,40.008827133333334,32.85411643333333,4
201,39.969624749999994,32.93905395,2
202,39.986385866666666,32.60742523333334,2
203,39.91602465,32.8565208,2
204,39.9718485,32.78737410000001,1
205,39.95155595,32.72432435,1
206,39.901788249999996,32.854798849999995,2
207,39.7805245,32.7181375,3
208,40.0140001,32.8097661,2
209,40.037054366666666,32.767254400000006,5
210,39.900561,32.6447001,5
211,39.9537675,32.7589733,1
212,39.91625415,32.9377748,4
213,39.938024233333344,32.580746733333335,1
214,39.9613084,32.93786634999999,4
215,39.9692508,32.809725,1
216,39.9798698,32.6239244,7
217,39.910057333333334,32.869391799999995,1
218,39.9300463,32.6023084,11
219,39.8945662,32.7992532,1
220,39.962468,32.6914019,2
221,39.95754495,32.793195600000004,1
222,39.997107766666666,32.8507308,5
223,39.9867988,32.7847733,2
224,39.976402,32.78000900000001,2
225,39.9124056,33.0563914,1
226,39.889131,32.88623,1
227,39.9790306,32.7211374,2
228,40.009903925,32.873510475,3
229,39.9120322,32.9114296,6
230,39.9743288,32.8520302,1
231,39.9928663,32.7096666,3
232,39.938947,32.8829176,11
233,40.0136775,32.86302975,1
234,39.96996116666667,32.72975426666667,4
235,39.967378700000005,32.87189896666666,1
236,39.82813885,32.71525825,2
237,39.957452950000004,32.836019449999995,13
238,39.999656075000004,32.840542675,10
239,39.92711645,32.88721185,2
240,39.99442519999999,32.7233261,1
241,40.01810283333333,32.85187236666667,3
242,39.9022497,32.7049775,2
243,39.95484570000001,32.5411368,24
244,39.9803596,32.6573743,19
245,39.9283587,32.5803981,6
246,40.01862623333333,32.511718699999996,1
247,40.0190344,32.3107517,1
248,39.98353725,32.85950915,1
249,39.9558759,32.72930905,1
250,39.9819781,32.6786008,4
251,39.8571568,32.7237843,1
252,39.966891366666665,32.658775133333336,1
253,39.9742659,32.9119703,1
254,39.9703578,32.7053834,1
255,39.9283075,32.5712101,1
256,39.9947425,32.8230541,47
257,40.0321634,32.8850429,1
258,40.01833,32.5499,3
259,39.8612552,32.541087,3
260,40.0482492,32.8426355,2
261,40.0394137,32.8454274,1
262,39.97579505,32.88561125,11
263,39.9805101,32.8316829,4
264,39.8055024,32.5655549,1
265,39.9572589,32.6475256,1
266,39.9286299,32.644418466666664,2
267,39.88099034999999,32.74948965,1
268,39.9995568,32.5570715,2
269,40.010691,32.90283305,1
270,39.90781295000001,32.98035815,1
271,39.9581957,32.9634852,1
272,39.999404633333334,32.82883796666667,5
273,39.8908614,32.83511643333333,2
274,39.8471994,32.5546271,2
275,40.03098800000001,32.378292,1
276,39.97611845,32.865589,1
277,40.0052411,32.8595814,1
278,39.9235362,32.850263,1
279,39.91775015,32.8206309,1
280,39.967316,32.8593758,13
281,39.899684,32.9166357,1
282,39.99322625,32.83940665,8
283,39.757964,32.653587,1
284,39.7521727,32.7674041,3
285,39.9462402,32.86206689999999,1
286,40.0347414,32.564986,1
287,40.03320679999999,32.850257,1
288,39.9035674,32.96798615,2
289,39.919848200000004,32.88284285,1
290,39.9157116,32.9219309,1
291,39.962029,32.81657,2
292,39.90660915,32.93167835,4
293,40.0244784,32.8563952,3
294,39.9907557,32.7953016,1
295,39.9862099,32.8023371,1
296,39.9025173,32.8057286,5
297,39.88522436666667,32.818320166666666,4
298,39.7887308,32.8295055,3
299,39.9819941,32.648696900000004,1
300,39.9651506,32.9138078,1
301,39.92713435,32.81390005,3
302,39.8965922,32.848243,1
303,39.8351161,32.6998107,1
304,39.91856500000001,32.801918,1
305,39.9880919,32.8801831,1
306,39.8850339,32.6594463,1
307,39.9258475,32.8252262,1
308,39.731614,32.538925,7
309,39.88976325,32.68010635,1
310,39.88983820000001,32.780086,1
311,39.870567,32.816762,1
312,39.8970259,32.87079500000001,1
313,39.8512298,32.6869315,2
314,39.8897009,32.7520139,1
315,39.88181609999999,32.8679062,2
316,39.9845954,32.6944347,1
317,39.779293,32.505111,1
318,39.9060914,32.8750463,2
319,39.9549107,32.8487361,1
320,39.9724559,32.9608261,1
321,39.9780279,32.9253605,3
322,40.0083059,32.5389911,9
323,40.0177946,32.3292369,2
324,40.0129334,32.740723,2
325,39.8131225,32.5773121,1
